Dissolved oxygen (DO),Nitrate,Orthophosphate,Specific conductance,"Temperature, water",Total suspended solids,Turbidity,pH
11.0,,,,22.2,,,
2.6,,,,21.3,,,
9.5,,,,18.4,,,
10.9,,,,10.5,,,
9.8,,,,20.5,,,
8.32,,,,14.6,,,
7.63,,,,6.7,,,
11.17,8.7,0.11,55.2,6.5,,,
10.69,23.0,0.22,56.4,10.6,,,6.77
10.72,12.0,0.15,35.7,13.4,,,6.69
9.51,14.0,0.18,61.7,17.5,,,6.81
8.47,,0.14,104.2,17.0,,,6.97
10.97,,0.08,74.7,8.8,,,6.67
13.32,10.0,0.04,101.2,5.7,,,6.5
10.93,13.0,,51.5,8.4,,,6.38
9.01,13.0,0.06,89.2,18.3,,,7.11
8.13,15.0,,87.7,18.2,,,7.3
9.43,12.0,,83.1,17.4,,,7.0
,12.0,,92.0,13.1,,,8.1
,59.0,0.08,61.7,6.4,,,7.22
9.81,7.4,,73.0,11.2,,,8.57
7.51,8.3,,84.0,16.4,,,7.06
6.84,6.5,,107.0,20.1,,,7.56
6.83,0.07,,68.3,17.8,,,7.52
7.22,0.13,,72.2,13.5,,,7.34
10.0,0.25,0.09,46.0,11.7,,,7.41
10.52,0.54,0.03,70.0,17.6,,,6.9
,0.26,0.09,98.0,12.3,,,8.6
12.5,0.08,0.04,79.5,2.6,,,8.37
8.84,0.058,0.09,56.7,18.2,,,7.51
9.27,0.073,0.2,75.0,17.6,,,7.4
9.86,0.078,,112.2,8.0,,,7.24
11.28,0.094,0.12,36.9,8.7,,,7.05
8.08,0.215,,76.9,15.7,,,
8.46,0.162,0.05,72.6,18.0,,,7.17
7.56,0.213,,99.3,22.9,,,7.71
7.89,0.042,0.04,83.5,16.7,,,7.52
7.89,0.127,0.49,83.5,16.7,,,7.52
11.02,0.109,0.09,63.6,11.1,,,6.65
8.11,0.14,0.13,46.0,10.7,,,6.66
8.53,0.257,,71.0,15.7,,,7.58
8.39,0.08,0.09,91.9,16.9,,,8.24
7.16,0.131,0.12,,18.0,,,8.52
8.94,0.54,0.3,106.1,8.5,,,7.64
10.42,0.263,0.02,49.3,11.4,,,6.51
8.33,0.096,0.04,72.1,18.1,,,7.5
6.87,0.024,0.06,86.8,21.9,,,
6.34,0.065,0.03,129.0,20.0,,,7.05
6.78,0.108,,129.8,17.7,,,7.02
4.55,0.103,0.03,127.2,15.9,,,6.6
8.82,0.013,0.03,61.3,11.2,2.0,,7.23
8.76,0.106,,54.8,18.6,,,7.43
7.6,0.12,0.06,89.1,22.7,,2.28,6.5
7.59,0.31,0.44,90.9,20.0,,2.47,7.54
9.18,0.09,0.17,102.5,11.4,,3.27,7.4
10.55,0.059,0.05,47.9,10.5,,4.91,6.91
7.8,,0.03,44.4,15.4,,5.93,6.06
9.8,0.155,0.14,70.3,19.7,,2.96,6.93
9.2,0.062,0.39,85.9,18.8,,2.8,7.05
10.8,0.63,0.06,73.5,14.1,,3.03,6.78
10.5,0.352,0.52,64.0,11.1,,3.22,6.2
13.3,0.424,,55.9,8.0,,10.3,7.73
11.7,0.081,0.12,73.1,15.9,,4.22,7.18
10.7,0.151,0.12,94.9,18.3,,3.39,7.67
9.1,0.713,0.05,110.5,24.9,,5.07,7.75
8.3,0.66,0.06,126.0,18.5,,4.55,6.98
12.8,1.037,0.11,128.0,8.2,,5.64,6.69
15.5,0.904,0.02,52.8,1.1,,2.89,6.74
15.6,1.094,0.12,66.4,0.0,,3.59,7.22
12.3,2.265,0.05,45.0,8.7,,3.05,7.45
7.9,0.009,0.05,73.4,21.7,,2.71,7.14
8.9,1.9,0.22,81.6,18.7,,6.28,6.75
7.8,,,81.7,21.3,,2.19,6.88
8.4,0.0,0.1,58.9,13.6,,3.1,6.6
10.1,0.106,,68.6,10.3,,22.0,6.7
11.0,0.239,0.15,50.2,9.9,,2.58,7.17
9.6,0.758,0.18,77.7,14.8,,1.99,7.26
8.8,0.075,0.11,92.8,20.8,,2.23,7.26
8.2,0.328,0.16,99.4,21.2,,1.96,7.02
10.37,0.226,0.13,108.5,13.8,,2.71,7.1
11.02,0.106,0.31,523.0,8.0,,2.62,7.14
,0.155,0.19,63.7,9.2,,5.07,6.47
9.49,0.492,0.08,57.9,10.1,,7.24,6.5
7.16,0.456,0.25,44.2,17.7,,10.0,6.04
8.5,0.31,0.43,49.4,18.0,,5.02,7.72
8.23,0.452,0.35,59.7,17.4,,2.57,7.22
10.37,0.372,0.02,57.6,12.6,,2.97,7.51
9.65,,,,22.2,,,
10.73,,,,19.1,,,
9.63,,,,19.0,,,
9.34,,,,10.3,,,
12.77,,,,5.67,,,
10.15,,,,15.41,,,
10.54,,,,18.8,,,
14.29,,,,27.8,,,
13.49,,,,18.7,,,
12.28,,,,11.8,,,
12.45,,,,8.1,,,
14.2,,,,7.5,,,
,,,,13.0,,,
9.4,,,,16.1,,,
8.9,,,,20.1,,,
9.9,,,,18.2,,,
10.2,,,,12.4,,,
10.7,,,,10.8,,,
10.3,,,,12.8,,,
9.5,,,,23.1,,,
9.0,,,,23.3,,,
6.8,,,,21.1,,,
7.8,,,,12.1,,,
9.4,,,,11.0,,,
11.66,0.05,,428.2,14.1,,,7.5
9.45,0.21,0.17,454.3,16.2,,,7.0
9.81,0.88,0.18,259.0,21.58,,,7.7
8.78,32.0,0.19,650.0,25.3,,,8.0
10.01,18.0,0.23,544.0,13.4,,,7.5
12.72,17.0,0.02,65.0,5.1,,,6.5
12.03,14.0,0.1,274.1,8.2,,,
8.5,15.0,0.32,520.0,13.2,,,7.79
10.13,16.1,0.41,429.9,16.4,,,7.47
7.55,28.0,0.27,372.0,23.5,,,7.88
8.96,,0.08,838.0,20.8,,,7.54
10.11,,0.04,535.0,9.7,,,7.07
13.59,10.0,,271.8,5.3,,,7.01
11.07,15.0,,164.5,10.1,,,6.15
8.78,16.1,0.04,399.9,19.6,,,7.16
7.37,18.0,,403.5,19.5,,,7.24
8.88,14.0,,453.2,17.5,,,7.12
,18.0,,844.0,13.6,,,8.31
,27.0,,223.0,6.1,,,7.71
10.85,12.0,0.04,536.0,12.3,,,8.43
7.71,13.0,0.08,141.0,16.7,,,7.27
7.58,11.33,,870.0,24.4,,,8.16
7.71,13.67,,95.3,19.4,,,8.32
7.58,12.0,,85.6,14.8,,,8.0
9.0,0.25,0.08,236.0,15.0,,,7.29
11.29,1.96,0.04,188.0,18.1,,,7.1
,0.04,0.13,923.0,18.0,,,8.3
,0.45,0.18,378.0,12.6,,,8.2
15.1,0.06,0.08,352.0,1.9,,,7.6
9.69,0.105,0.04,507.6,21.2,,,8.15
11.8,0.078,0.05,108.4,9.0,,,6.94
9.12,0.458,0.83,325.2,15.7,,,7.57
9.04,0.78,0.14,370.3,3.7,,,7.72
11.79,0.317,0.04,209.6,12.3,,,7.06
9.71,0.351,0.05,115.7,11.1,,,7.04
10.8,0.389,,338.7,16.7,,,8.02
7.54,0.204,0.15,951.0,18.0,,,7.97
8.88,0.477,0.02,,17.2,,,8.29
13.12,0.261,0.15,538.2,8.4,,,7.91
11.01,,0.03,190.7,13.0,,,6.97
9.65,0.15,0.06,529.1,19.2,,,7.44
10.57,0.015,0.02,1011.0,25.2,,,
6.86,0.073,,1269.0,21.6,,,8.28
8.5,0.9,,1032.0,20.0,,,8.18
6.12,0.287,0.02,986.0,18.6,,,8.17
9.43,0.51,0.02,221.9,12.8,,,7.96
12.27,0.342,0.03,293.7,21.9,2.0,,9.55
9.85,0.21,0.09,775.0,24.7,,1.31,7.6
7.45,0.62,0.19,840.0,22.1,,0.75,8.32
10.94,0.17,0.11,991.0,12.0,,0.11,8.3
10.69,0.141,0.17,270.5,13.1,,3.05,7.54
9.4,,0.22,145.0,17.6,,5.18,6.96
9.7,0.329,0.16,490.9,22.8,,3.39,7.84
10.3,0.261,0.23,930.0,20.9,,0.89,8.08
10.3,0.037,0.13,309.1,14.3,,98.9,7.12
11.3,,0.6,314.1,11.3,,3.5,7.39
13.7,0.336,0.05,175.0,8.8,,5.06,8.34
11.6,0.198,0.05,750.0,19.3,,2.0,8.41
12.4,0.412,,1061.0,19.5,,0.83,8.71
9.7,1.09,0.04,942.0,26.0,,2.13,8.51
9.5,1.045,,1181.0,21.4,,1.75,8.3
14.7,0.868,0.1,973.0,8.1,,0.87,7.81
16.4,1.923,0.11,247.3,0.1,,4.63,
14.5,2.184,0.11,328.8,0.0,,2.55,7.09
12.8,,0.09,150.0,9.6,,3.78,7.79
8.7,1.621,0.07,513.0,23.7,,1.2,8.1
10.3,4.41,0.21,723.0,21.7,,1.79,8.97
9.6,4.47,0.08,439.3,20.9,,1.32,8.17
11.1,0.0,0.27,313.3,11.6,,2.6,7.7
12.8,0.753,0.14,259.0,11.3,,10.0,7.88
11.0,0.509,0.57,165.5,12.6,,3.48,7.17
11.1,1.351,0.24,390.2,15.5,,1.26,8.12
11.9,0.182,0.39,661.0,23.6,,0.38,8.72
9.5,0.332,0.25,809.0,22.5,,0.8,8.11
12.52,0.27,0.18,753.0,15.3,,1.22,8.3
9.46,0.182,0.27,78.2,8.7,,0.96,6.9
,0.195,0.19,320.2,9.6,,2.93,7.02
9.94,1.267,0.21,117.1,10.6,,15.5,6.76
7.3,1.426,0.25,99.4,19.8,,19.5,6.45
12.68,0.602,0.61,263.2,21.2,,3.51,8.06
10.04,0.589,0.33,408.0,19.0,,2.62,6.79
11.92,0.35,0.09,486.3,14.06,,1.18,7.1
7.63,,,,22.1,,,
9.8,,,,14.9,,,
8.9,,,,8.7,,,
10.18,,,,15.5,,,
9.67,,,,18.4,,,
12.22,,,,13.5,,,
12.88,,,,11.9,,,
14.0,,,,5.5,,,
,,,,10.0,,,
9.8,,,,14.4,,,
8.5,,,,17.7,,,
7.7,,,,17.2,,,
8.9,,,,13.9,,,
8.7,,,,10.9,,,
10.42,,,,11.0,,,
7.35,,,,16.6,,,
8.07,,,,19.1,,,
6.1,,,,15.4,,,
7.4,,,,12.5,,,
5.56,,,,10.7,,,
12.32,0.2,1.55,88.8,11.7,,,7.0
9.33,0.54,0.21,72.3,17.0,,,6.5
9.23,,,92.5,18.8,,,
8.51,10.0,0.12,107.2,19.2,,,7.0
9.87,16.1,0.15,75.9,12.9,,,7.0
13.47,8.9,0.38,58.2,4.6,,,6.5
9.7,8.5,0.17,113.7,12.9,,,7.27
9.84,12.0,0.24,91.8,16.2,,,7.2
9.8,24.0,0.31,99.0,15.7,,,7.25
9.2,,0.18,127.5,16.1,,,6.81
11.38,,0.12,150.0,12.6,,,6.46
14.7,,0.08,174.2,6.1,,,6.42
11.79,,,74.3,9.7,,,5.94
8.76,,0.05,119.6,13.8,,,6.37
7.47,,,117.7,17.2,,,6.93
8.59,,,111.9,15.9,,,6.55
,,0.04,119.8,14.3,,,7.7
,,0.1,76.0,8.5,,,7.24
9.49,8.6,0.04,102.1,10.5,,,7.97
7.7,9.2,,60.0,13.7,,,7.07
6.05,6.33,0.22,139.0,21.2,,,7.53
7.5,0.0,,71.5,18.3,,,7.65
9.0,0.1,,72.4,13.2,,,7.38
9.9,0.25,0.05,86.0,12.5,,,7.81
7.61,0.63,0.09,103.0,18.3,,,6.9
7.67,0.24,0.38,122.0,16.6,,,7.06
,0.05,0.15,137.0,24.3,,,6.78
10.7,4.96,,128.0,10.5,,,6.98
10.8,0.07,0.02,124.0,2.6,,,6.98
7.8,0.125,0.07,148.6,18.9,,,7.25
14.0,0.227,,52.4,6.0,,,6.3
10.2,0.198,0.07,113.6,12.4,,,7.38
5.1,0.213,0.29,123.0,21.3,,,7.17
6.47,0.276,0.07,125.6,15.4,,,6.83
8.25,0.18,0.06,128.2,5.8,,,6.97
11.33,0.217,0.07,105.1,9.4,,,
9.06,0.099,0.16,146.7,10.0,,,7.32
8.15,0.338,,168.0,13.9,,,7.56
8.15,0.048,,203.5,9.9,,,8.0
9.03,0.112,0.16,84.7,8.9,,,7.04
9.3,0.106,0.13,94.3,14.5,,,7.1
7.35,0.023,0.02,121.8,19.3,,,
5.66,0.094,,146.7,17.9,,,7.43
5.61,0.079,0.08,175.5,16.6,,,7.02
5.91,0.105,0.16,173.9,10.3,,,6.84
10.65,0.086,,104.4,8.2,16.0,,
9.02,0.185,0.02,94.5,14.8,9.0,,7.33
7.75,0.37,0.1,150.2,17.6,23.0,15.4,7.1
8.4,0.24,0.07,131.6,17.4,,5.01,7.48
9.05,0.1,0.04,149.7,9.9,,3.36,7.81
11.72,0.57,0.06,85.5,7.6,,5.45,7.05
10.93,0.352,0.15,84.8,12.9,,8.29,6.78
9.8,0.188,0.19,111.9,15.4,,1.88,6.94
8.4,1.01,0.36,132.5,20.5,,18.0,6.86
12.0,0.167,0.22,102.6,8.5,,2.44,6.77
11.5,0.189,0.29,78.7,7.5,,1.49,6.97
14.6,0.14,0.09,88.9,5.5,,1.48,7.91
11.0,0.142,0.09,114.2,10.2,,1.42,7.51
7.5,0.232,0.15,130.5,18.7,,2.24,7.45
7.3,0.439,,146.3,23.0,,6.69,7.67
6.7,0.328,0.06,154.1,18.1,,4.48,7.44
7.8,0.602,0.13,195.0,12.5,,2.84,7.1
15.5,1.187,0.08,120.9,0.1,,7.91,6.75
12.5,2.92,0.52,128.2,6.7,,14.2,7.9
9.3,1.679,,113.1,17.3,,1.58,7.18
7.78,1.342,0.08,123.0,17.0,,1.69,5.91
9.7,1.913,0.14,80.6,15.6,,2.29,7.02
8.6,0.443,0.24,108.6,14.2,,2.21,7.09
9.8,0.252,0.08,125.8,9.1,,2.0,7.01
11.7,0.82,0.27,91.1,8.9,,5.0,6.92
9.7,0.452,0.13,109.9,11.0,,2.13,7.18
7.4,0.625,0.38,134.2,17.2,,2.44,7.19
9.71,0.239,0.31,254.7,12.0,,8.24,7.24
12.37,0.505,0.15,95.3,6.6,,1.71,7.06
,0.47,0.43,94.4,6.8,,1.87,6.95
11.5,0.753,0.13,125.1,8.7,,16.7,6.92
9.82,1.675,,88.1,15.6,,3.73,6.62
9.76,0.611,0.18,106.1,16.5,,4.22,6.44
10.23,0.412,0.24,95.1,14.7,,1.91,7.29
10.98,0.594,0.07,106.9,11.8,,2.29,7.13
8.7,,,,26.2,,,
8.6,,,,22.8,,,
18.0,,,,12.0,,,
9.7,,,,,,,
9.87,,,,14.4,,,
9.4,,,,6.0,,,
9.38,,,,23.3,,,
9.44,,,,20.5,,,
8.9,,,,19.6,,,
11.17,,,,9.5,,,
12.85,,,,5.75,,,
10.36,,,,15.14,,,
10.39,,,,15.9,,,
10.49,,,,24.8,,,
11.44,,,,19.8,,,
10.78,,,,13.7,,,
11.95,,,,9.1,,,
12.9,,,,5.6,,,
,,,,10.52,,,
9.7,,,,3.0,,,
8.4,,,,20.9,,,
8.9,,,,20.1,,,
10.5,,,,13.2,,,
10.7,,,,11.2,,,
10.27,,,,14.1,,,
8.34,,,,21.8,,,
7.6,,,,23.4,,,
6.11,,,,21.8,,,
8.5,,,,12.7,,,
9.4,,,,11.8,,,
12.7,0.15,0.16,43.9,12.3,,,6.5
9.33,0.24,0.16,51.3,15.2,,,1.0
9.54,0.35,0.16,45.0,20.63,,,7.0
10.2,17.0,0.09,56.7,24.0,,,7.5
10.58,8.8,0.28,55.6,13.5,,,7.0
12.23,9.2,0.1,32.1,5.2,,,6.5
11.48,8.5,0.15,38.9,7.2,,,
10.65,9.0,0.23,49.6,11.9,,,7.48
10.58,9.0,0.44,33.4,14.4,,,7.47
9.49,13.0,0.2,51.7,19.5,,,7.64
8.53,,0.31,67.8,20.9,,,7.22
9.33,,0.2,70.2,10.8,,,7.26
11.19,8.7,0.1,42.3,10.8,,,6.91
11.97,8.8,0.03,28.5,8.5,,,5.92
8.15,6.7,0.06,67.0,19.8,,,7.48
9.15,9.3,,60.1,20.3,,,7.07
13.35,9.0,,65.0,17.5,,,7.5
,11.0,,57.0,14.0,,,7.94
,14.0,0.39,31.0,6.3,,,7.94
10.75,5.7,0.08,39.0,11.4,,,8.8
7.63,6.1,,30.0,17.2,,,7.36
7.34,4.57,,69.0,22.8,,,7.78
12.89,6.43,0.07,80.3,19.6,,,7.64
10.55,6.1,0.06,81.1,13.9,,,7.75
11.0,0.25,0.1,31.0,12.6,,,7.99
11.15,1.15,0.06,35.0,15.6,,,6.9
,0.21,0.16,51.0,13.0,,,8.1
13.1,0.08,0.06,44.0,3.1,,,7.7
9.07,0.058,0.04,46.2,18.9,,,7.67
7.77,0.072,,51.8,19.8,,,7.54
9.09,0.039,0.02,58.9,8.9,,,7.41
14.3,0.135,,24.4,6.5,,,6.88
9.06,0.165,0.18,43.4,15.4,,,7.28
6.04,0.1,0.3,67.3,25.0,,,7.89
10.44,0.176,2.7,49.2,4.3,,,7.9
11.58,0.129,0.21,41.0,10.8,,,6.69
10.19,0.09,0.14,21.6,11.0,,,7.58
7.86,0.091,0.02,47.7,17.8,,,8.18
8.96,0.5,0.25,61.5,18.1,,,8.63
7.9,0.142,0.12,,17.7,,,8.37
9.06,0.053,0.04,55.1,9.8,,,7.48
10.79,0.106,,42.6,11.2,,,6.98
8.69,0.039,,50.6,19.6,,,7.46
9.0,0.008,0.05,64.1,25.6,,,
7.37,0.042,0.02,73.6,22.0,,,7.67
7.03,0.071,0.1,74.4,19.0,,,7.95
5.99,0.078,0.08,79.2,19.0,,,7.95
9.05,0.096,0.07,48.0,11.6,,,8.01
10.04,0.084,0.1,38.5,18.3,,,7.34
7.2,0.09,0.06,69.9,24.7,,0.61,6.84
7.55,,0.08,56.9,21.5,,0.72,8.37
9.8,0.08,0.14,53.5,12.4,,0.64,7.54
10.94,0.098,0.1,36.7,11.5,,1.96,7.17
9.4,,0.33,42.9,15.9,,2.68,6.83
9.2,0.18,0.34,53.4,21.3,,1.23,7.29
8.0,0.099,0.29,55.8,20.2,,0.93,7.33
9.7,0.136,0.38,40.9,13.9,,1.1,7.07
9.8,0.377,0.47,50.6,11.2,,2.46,7.35
13.1,0.16,,34.1,6.9,,5.35,8.11
11.9,0.131,0.08,50.9,16.0,,0.86,7.52
9.2,0.447,0.12,66.4,19.7,,0.77,7.83
9.5,0.589,0.12,81.5,25.8,,1.74,7.53
11.0,0.687,0.06,87.2,19.9,,0.0,7.34
3.2,1.076,0.05,59.0,8.4,,3.2,7.36
14.8,0.904,,40.9,1.5,,2.15,7.2
17.9,0.895,0.03,49.2,0.0,,1.87,7.45
12.9,1.271,0.08,38.6,8.1,,1.78,7.89
5.9,1.068,0.06,54.5,23.2,,1.0,7.32
8.5,1.023,0.03,52.1,21.6,,2.58,8.03
10.0,1.794,0.13,43.2,20.7,,4.71,7.18
9.9,0.443,0.18,53.3,12.8,,1.6,7.29
11.5,1.17,0.11,50.0,10.2,,6.0,7.29
10.2,1.01,0.87,62.2,14.6,,28.2,7.69
8.3,0.089,0.48,57.5,23.1,,1.11,8.4
8.2,0.337,0.34,80.4,21.9,,1.42,7.71
10.65,0.289,0.11,75.1,15.4,,2.53,7.33
10.37,0.408,0.19,46.1,8.8,,0.87,7.23
,0.501,0.18,29.4,7.0,,7.5,6.43
10.6,0.554,0.19,39.1,10.2,,5.16,6.99
10.3,0.558,0.12,34.6,15.7,,4.51,6.27
9.27,0.36,0.43,46.7,18.7,,4.75,7.19
9.01,0.594,0.18,51.1,17.6,,3.15,6.95
11.25,0.456,0.03,50.1,12.4,,0.71,7.64
10.5,,,,18.0,,,
,,,,20.0,,,
16.5,,,,10.0,,,
9.2,,,,10.0,,,
10.6,,,,10.0,,,
12.1,,,,6.4,,,
9.03,,,,27.1,,,
10.36,,,,20.5,,,
9.34,,,,20.8,,,
10.92,,,,10.0,,,
9.76,,,,16.47,,,
10.61,,,,16.5,,,
11.16,,,,15.1,,,
10.44,,,,10.9,,,
13.5,,,,5.3,,,
,,,,11.5,,,
9.1,,,,18.8,,,
7.8,,,,22.1,,,
8.3,,,,21.7,,,
9.8,,,,14.0,,,
10.0,,,,12.0,,,
9.33,,,,15.7,,,
7.74,,,,23.0,,,
7.74,,,,25.5,,,
7.69,,,,25.5,,,
5.92,,,,24.2,,,
10.8,,,,12.0,,,
10.65,0.1,0.21,53.3,11.4,,,7.0
9.49,0.05,0.16,58.1,15.6,,,7.0
9.28,0.01,0.06,51.0,21.52,,,7.6
10.22,9.3,0.09,67.3,25.9,,,7.5
9.29,9.5,1.2,67.7,13.8,,,6.5
12.86,9.2,0.21,34.3,5.0,,,6.5
11.35,8.2,0.05,43.0,7.1,,,
9.86,12.0,0.17,59.3,10.2,,,7.13
10.24,8.9,0.16,41.0,14.9,,,7.33
8.14,14.0,0.23,62.9,20.4,,,7.71
8.38,,0.18,85.9,20.7,,,7.16
10.1,,0.16,79.6,11.1,,,7.18
11.72,8.8,0.05,56.0,10.7,,,7.0
13.17,11.0,,32.4,6.9,,,6.18
9.17,7.2,0.06,70.5,21.3,,,7.06
8.44,7.7,,78.3,21.4,,,7.01
10.25,7.0,,62.4,18.7,,,7.11
,12.0,,80.0,14.2,,,8.02
,37.0,0.03,37.0,6.2,,,7.79
9.63,5.8,0.1,49.0,12.2,,,8.55
6.84,6.7,0.04,37.0,16.7,,,7.45
7.75,8.23,0.59,82.0,22.4,,,7.93
9.85,7.63,,79.0,18.9,,,7.41
9.41,5.57,,78.2,15.0,,,7.46
9.4,0.6,0.15,55.0,13.0,,,6.7
6.23,3.54,0.03,61.7,20.7,,,7.37
,0.09,0.06,73.0,13.3,,,8.2
12.1,0.04,0.14,64.0,3.1,,,7.83
7.81,0.031,0.05,56.2,20.4,,,7.63
8.55,0.085,0.06,61.7,21.1,,,7.86
9.45,0.058,0.1,82.0,8.7,,,7.49
14.0,0.087,0.06,29.1,6.8,,,6.81
8.49,0.249,0.05,58.5,17.0,,,7.38
11.53,0.128,0.31,65.6,4.6,,,7.62
10.7,0.111,0.03,49.4,10.0,,,7.44
10.13,0.63,0.06,44.0,11.1,,,7.78
6.32,0.107,,60.0,20.8,,,7.68
0.6,0.177,0.15,151.0,18.6,,,8.37
8.24,0.124,,,21.6,,,8.33
10.37,0.059,0.15,97.2,10.6,,,8.41
9.81,0.151,0.09,47.9,11.0,,,6.62
8.7,0.064,0.03,50.1,20.3,,,7.26
8.11,0.012,0.02,67.7,23.4,,,
7.8,0.032,,87.6,24.2,,,8.28
6.37,0.143,0.03,105.7,19.0,,,7.2
5.56,0.107,0.05,108.4,18.8,,,8.03
8.83,0.027,0.04,53.2,12.1,,,7.58
10.13,0.035,0.05,47.7,18.0,,,7.4
7.5,0.09,0.03,88.3,24.3,,1.38,7.2
6.56,0.15,0.21,81.2,21.2,,3.74,8.39
9.3,0.04,0.17,77.4,12.5,,2.35,7.98
11.36,0.042,0.04,43.2,12.0,,1.81,7.09
9.6,0.344,0.16,47.3,16.4,,4.6,6.9
9.2,0.193,0.28,65.1,22.1,,1.24,7.45
9.7,0.62,0.23,80.8,20.4,,0.53,7.43
9.6,0.047,0.1,56.9,14.5,,1.38,7.06
9.5,0.67,0.5,57.4,11.2,,3.72,7.45
9.5,0.131,0.08,65.1,15.5,,1.87,7.85
11.3,0.381,,81.9,20.7,,0.69,8.33
6.8,0.509,0.07,107.2,24.2,,4.23,8.25
8.9,0.895,0.12,118.3,19.7,,1.11,7.58
13.8,0.886,0.03,74.2,8.8,,3.63,7.58
15.4,0.709,,50.6,1.3,,1.77,7.24
17.0,1.223,0.1,54.7,0.0,,1.62,7.3
13.0,1.276,,38.2,7.7,,2.15,7.49
5.2,0.35,0.46,66.8,22.8,,1.26,7.46
6.7,1.395,0.05,59.3,19.1,,3.53,7.64
10.2,1.582,0.09,53.4,20.1,,1.04,7.19
8.8,1.329,0.12,63.0,13.8,,2.05,7.32
10.2,0.19,0.2,62.7,10.3,,6.0,7.52
13.0,0.182,0.23,44.6,8.9,,2.83,7.62
10.2,0.727,0.25,71.6,14.7,,1.05,7.58
8.9,0.337,0.38,67.0,20.5,,1.88,7.74
7.8,0.354,0.15,100.0,22.5,,1.08,7.85
11.02,0.159,0.23,91.8,15.5,,12.4,7.22
10.11,0.182,0.15,68.1,9.2,,1.07,7.0
,0.416,0.19,84.6,7.3,,13.2,6.66
11.06,0.509,0.05,39.6,9.7,,9.71,7.17
9.3,0.447,0.09,40.3,14.8,,20.03,6.38
9.51,0.306,0.06,51.8,17.8,,3.34,7.45
8.89,0.39,0.13,60.1,18.2,,1.53,6.9
11.14,0.319,0.08,59.6,12.5,,1.19,7.85
10.66,,,,24.5,,,
10.36,,,,20.7,,,
8.69,,,,20.3,,,
10.02,,,,10.1,,,
12.45,,,,6.12,,,
9.81,,,,16.75,,,
10.09,,,,17.2,,,
11.45,,,,26.5,,,
12.65,,,,20.3,,,
11.08,,,,14.6,,,
11.35,,,,9.5,,,
13.4,,,,6.4,,,
9.1,,,,18.2,,,
8.4,,,,21.9,,,
8.8,,,,20.6,,,
10.4,,,,14.4,,,
10.4,,,,11.4,,,
10.0,,,,15.3,,,
8.5,,,,22.4,,,
9.0,,,,24.3,,,
6.3,,,,23.0,,,
9.0,,,,13.3,,,
11.0,,,,11.5,,,
12.81,0.04,0.12,141.9,13.1,,,6.7
9.48,0.25,0.32,184.7,15.7,,,7.0
9.3,0.06,0.08,116.0,21.25,,,7.6
11.12,16.1,,14.6,25.1,,,8.0
11.02,14.0,0.12,244.5,13.6,,,7.0
11.88,11.0,0.19,5.1,5.7,,,6.0
11.42,9.6,0.13,107.8,7.7,,,
9.81,24.0,0.11,243.9,12.6,,,6.83
9.19,11.0,0.28,111.1,15.4,,,7.15
10.02,29.0,0.63,151.0,20.1,,,7.63
9.1,,0.17,130.0,21.5,,,7.05
10.05,,0.11,431.0,11.8,,,7.83
11.19,12.0,0.06,161.0,10.0,,,7.06
10.88,8.3,0.09,191.0,12.1,,,8.4
6.05,9.7,0.03,111.0,17.3,,,7.3
6.81,7.67,0.08,350.0,22.3,,,7.75
9.87,9.93,0.02,82.7,17.1,,,7.55
9.86,9.17,0.03,76.3,13.9,,,7.49
9.6,0.25,0.11,87.0,13.4,,,7.55
7.11,4.04,0.05,143.0,18.8,,,7.59
,0.0,0.11,248.0,19.8,,,8.2
,0.3,0.16,243.0,13.0,,,8.1
13.4,0.1,0.3,231.0,2.7,,,7.32
9.48,0.041,0.09,123.4,20.4,,,7.67
14.1,0.121,0.03,53.4,7.4,,,6.77
8.8,0.215,0.05,141.1,16.4,,,7.61
11.13,0.136,0.07,125.1,10.1,,,7.09
9.74,0.231,0.06,109.6,11.1,,,7.88
10.16,0.109,,173.0,20.6,,,7.82
8.65,0.052,0.16,,20.5,,,8.47
10.96,0.74,,317.0,9.8,,,7.89
11.04,0.291,0.02,104.0,11.5,,,6.78
9.35,0.06,0.02,177.8,20.3,,,7.2
7.2,0.025,,261.4,23.8,,,
8.42,0.037,0.04,427.8,23.5,,,8.0
7.9,0.132,0.07,380.9,18.8,,,7.55
5.64,0.079,,526.5,18.2,,,7.81
8.96,0.088,0.09,138.5,12.5,,,7.88
10.01,0.113,0.05,87.6,19.4,,,7.46
7.5,0.17,0.04,300.0,24.7,,2.17,7.25
7.09,0.06,,209.3,21.4,,2.04,8.19
10.11,0.09,0.22,303.9,12.0,,1.48,7.75
11.75,0.092,0.08,97.0,12.3,,2.22,7.18
9.0,0.675,0.32,39.1,15.5,,5.81,6.63
8.9,0.109,0.26,196.3,21.0,,1.97,7.32
10.0,0.4,0.1,252.6,19.3,,3.78,7.19
10.7,0.097,0.18,115.9,14.6,,5.57,6.19
11.4,0.925,0.25,140.8,11.6,,2.1,7.48
14.1,0.229,0.03,88.5,6.7,,4.52,8.29
11.8,0.091,0.11,181.3,15.1,,1.9,7.9
11.3,0.443,0.02,314.7,20.3,,1.65,8.24
7.8,0.992,0.1,362.3,24.5,,1.57,8.35
9.8,1.045,,494.0,20.3,,3.89,7.79
14.0,1.099,0.03,286.5,7.5,,3.34,7.42
16.8,1.045,0.03,105.7,0.8,,2.97,7.12
16.0,1.502,0.06,183.6,0.0,,2.41,7.22
12.4,2.275,,81.4,8.3,,3.09,7.65
6.0,0.762,,179.7,23.2,,0.87,7.53
9.2,0.806,0.04,220.9,18.7,,4.52,7.7
8.9,1.342,0.14,115.5,21.3,,2.75,7.4
9.9,0.0,0.14,160.1,13.6,,3.33,7.32
11.5,0.452,0.05,156.4,10.3,,4.0,7.39
12.0,0.35,0.15,84.3,9.7,,2.5,7.71
9.7,1.214,0.75,206.7,14.5,,2.42,7.8
8.6,0.12,0.52,272.9,20.1,,1.39,7.8
7.7,0.284,0.12,403.2,22.4,,4.34,7.79
9.5,0.177,0.1,403.6,16.8,,28.1,7.6
10.44,0.151,0.17,165.5,8.5,,4.14,7.13
,0.363,0.09,65.0,7.4,,10.37,6.88
10.92,0.492,0.19,108.0,10.3,,12.3,6.84
8.9,0.589,0.15,77.6,16.9,,11.8,6.58
8.72,0.394,0.55,110.1,18.8,,5.35,6.98
8.88,0.394,0.17,137.5,18.9,,2.66,6.7
10.48,0.377,0.03,135.3,12.7,,4.46,7.4
7.65,,,,17.1,,,
7.44,,,,17.8,,,
10.54,,,,8.5,,,
,,,,16.4,,,
8.54,,,,18.5,,,
6.21,,,,22.1,,,
9.08,,,,17.4,,,
12.32,,,,15.4,,,
13.5,,,,6.7,,,
,,,,13.0,,,
8.6,,,,16.4,,,
6.3,,,,23.3,,,
6.7,,,,21.5,,,
8.3,,,,17.7,,,
7.4,,,,12.9,,,
10.6,,,,10.5,,,
7.8,,,,17.0,,,
5.8,,,,19.5,,,
6.9,,,,15.5,,,
7.1,,,,12.8,,,
9.1,,,,10.7,,,
13.35,0.07,0.06,64.6,13.0,,,6.0
8.61,1.65,0.11,48.5,17.5,,,6.0
8.47,,,59.4,21.2,,,
8.42,11.0,0.06,69.3,21.7,,,6.5
11.49,14.0,0.18,63.6,12.9,,,6.5
13.77,12.0,0.11,37.7,4.8,,,6.0
9.56,9.4,0.17,42.2,13.9,,,6.52
8.04,11.0,0.13,69.8,17.8,,,6.68
7.42,23.0,0.3,64.1,17.6,,,6.74
8.11,,0.19,106.0,19.1,,,7.53
9.81,,0.13,98.0,13.6,,,6.78
11.0,8.0,0.09,88.03,6.9,,,6.54
11.2,9.4,,43.1,10.2,,,6.02
5.88,11.0,,81.4,17.3,,,6.31
7.11,17.0,,75.9,21.3,,,7.41
7.31,16.1,,69.9,19.8,,,6.93
,11.0,,91.0,19.0,,,7.41
,20.3,,55.0,8.3,,,7.11
10.21,8.0,,67.0,11.9,,,7.89
7.5,11.7,,47.0,15.1,,,6.71
5.64,5.37,,113.0,25.4,,,7.52
7.89,7.13,,52.3,21.6,,,7.55
7.77,8.97,0.04,61.3,15.8,,,7.15
8.45,2.55,0.03,60.0,11.5,,,7.21
7.65,0.75,0.03,68.0,19.8,,,6.98
,,,,,,,
5.25,0.31,0.68,102.2,25.0,,,7.93
10.5,3.36,0.03,75.0,10.5,,,7.6
11.4,0.04,0.08,76.0,3.0,,,7.08
13.3,0.51,,34.8,7.5,,,5.71
5.64,0.251,0.08,72.4,19.3,,,6.66
3.7,0.098,0.08,85.0,22.6,,,7.3
7.29,0.427,0.16,77.9,6.8,,,7.2
10.3,0.39,,87.2,6.0,,,7.28
10.08,0.288,0.05,60.2,9.4,,,6.6
8.58,0.132,0.13,63.3,10.6,,,6.81
8.2,0.205,0.25,72.4,15.6,,,6.46
8.42,0.108,0.04,83.1,16.9,,,7.72
5.58,,,120.3,15.0,,,7.63
10.14,1.01,,106.2,10.3,,,7.11
8.3,0.497,0.17,44.4,9.9,,,7.47
8.86,0.131,,59.1,14.9,,,7.55
8.98,0.092,,76.5,21.1,,,
8.9,0.092,,107.3,18.2,,,7.83
5.9,0.105,0.06,101.1,17.0,,,7.05
6.34,0.045,,103.0,14.7,,,7.27
8.49,0.54,,68.7,8.5,9.0,,7.5
6.94,0.125,0.05,69.3,16.9,4.0,,7.43
4.87,0.1,,92.2,20.8,,5.97,7.09
9.2,0.28,0.04,105.2,18.6,,8.25,7.54
10.34,0.07,0.05,109.3,10.7,,3.59,7.5
11.37,1.01,0.09,51.9,7.2,,2.87,7.23
8.9,0.635,0.26,40.0,16.4,,2.73,6.11
8.3,0.145,0.57,63.0,18.2,,3.97,6.64
7.7,0.54,0.19,124.3,17.6,,2.33,6.7
10.6,0.224,0.17,73.9,9.3,,5.48,6.64
10.5,0.179,0.24,69.9,8.0,,11.2,6.64
10.9,0.376,0.06,65.7,6.6,,2.91,7.95
9.2,0.143,0.06,78.9,13.0,,6.36,7.94
8.6,0.93,0.02,84.0,21.1,,4.27,6.92
7.1,0.514,0.02,90.6,23.5,,10.5,7.26
8.5,0.43,0.06,95.0,19.7,,9.96,7.49
9.1,0.368,0.02,104.7,13.4,,7.04,6.85
14.8,1.79,0.02,96.2,0.2,,2.19,7.21
16.4,2.445,0.25,79.5,0.0,,4.22,6.8
9.5,0.926,0.14,64.3,7.1,,6.74,7.54
8.9,1.325,,77.7,22.5,,4.14,6.72
6.96,0.279,0.05,92.0,19.9,,5.71,6.42
7.1,4.03,0.02,70.1,15.8,,3.52,6.32
5.9,2.215,0.22,80.1,15.8,,5.12,5.84
7.7,0.141,0.04,68.5,10.5,,14.0,6.73
9.9,0.341,0.11,61.6,8.7,,1.67,7.2
5.8,0.23,0.18,82.3,13.9,,6.03,7.27
6.8,0.27,0.43,86.4,18.2,,4.29,7.09
5.2,0.053,0.18,102.2,22.3,,6.33,7.47
8.13,0.093,0.41,100.1,13.0,,5.95,7.11
11.08,0.084,0.41,80.9,8.0,,2.54,6.33
,0.248,0.31,68.9,8.0,,3.64,7.23
9.5,0.47,0.03,80.5,9.0,,9.29,7.33
9.07,2.1,0.15,51.6,16.7,,3.25,6.3
6.13,0.527,0.03,78.8,19.2,,4.51,6.92
7.3,0.328,0.21,69.8,17.2,,3.12,7.3
7.5,0.323,0.05,78.4,14.6,,3.91,7.15
8.53,,,,15.1,,,
8.0,,,,15.3,,,
9.36,,,,8.36,,,
,,,,12.2,,,
8.0,,,,17.9,,,
5.5,,,,19.5,,,
9.59,,,,14.5,,,
11.52,,,,11.9,,,
12.3,,,,5.4,,,
,,,,12.0,,,
8.7,,,,15.3,,,
7.3,,,,19.1,,,
7.0,,,,15.5,,,
8.5,,,,12.6,,,
6.9,,,,11.7,,,
10.02,,,,10.9,,,
6.49,,,,16.4,,,
7.11,,,,17.2,,,
5.2,,,,17.6,,,
6.2,,,,13.1,,,
8.4,,,,10.6,,,
9.83,0.16,0.17,35.9,14.0,,,6.5
6.92,1.24,0.15,27.8,16.88,,,5.5
7.49,,,40.0,18.9,,,
6.73,11.0,0.09,53.8,20.5,,,6.5
10.94,12.0,0.08,37.7,13.8,,,5.5
12.54,11.0,0.2,24.9,3.8,,,5.5
8.6,9.3,0.12,47.7,13.9,,,6.84
8.25,16.1,0.17,31.0,16.1,,,7.1
7.17,29.0,0.53,36.1,16.8,,,6.65
6.23,,0.22,61.6,15.2,,,6.54
9.22,,0.17,53.0,12.6,,,
12.71,13.0,0.1,47.6,7.4,,,6.5
9.8,9.2,,20.9,12.2,,,5.6
7.99,11.0,,149.9,14.2,,,6.87
9.78,11.0,,84.2,15.5,,,6.28
9.66,10.0,,90.1,14.5,,,6.75
,11.0,,151.0,14.8,,,7.35
,28.0,,87.0,8.0,,,7.16
8.61,9.1,0.05,24.0,10.8,,,8.01
5.78,10.1,0.22,17.0,14.6,,,6.37
5.2,5.87,,87.0,20.8,,,7.37
9.55,15.4,,54.3,19.9,,,7.55
8.69,20.33,,60.3,13.4,,,7.26
8.25,2.81,0.04,34.0,11.2,,,7.02
7.94,6.8,0.05,32.0,19.8,,,6.76
7.13,0.16,0.28,44.0,17.4,,,7.15
6.3,0.58,0.41,96.1,21.8,,,7.7
10.3,2.92,,37.0,10.1,,,7.76
11.3,0.23,0.07,61.8,2.4,,,7.17
5.06,0.01,0.03,29.1,18.0,,,5.85
6.86,0.37,0.1,537.0,15.4,,,7.09
8.38,0.099,,115.9,10.1,,,8.39
6.41,0.291,,54.7,11.9,,,7.08
13.01,0.39,,15.3,7.9,,,4.89
7.97,0.655,,31.8,13.0,,,6.83
2.9,0.328,0.08,57.0,16.6,,,6.47
0.64,0.086,,88.8,18.6,,,6.43
3.58,0.74,0.19,46.3,14.6,,,6.74
7.66,0.72,,31.8,10.3,,,6.01
9.55,0.76,,24.3,10.3,,,6.33
6.95,0.915,0.26,34.2,14.6,,,6.91
5.5,0.318,,50.3,15.5,,,7.36
1.37,0.239,,72.7,14.9,,,6.88
5.2,0.665,,57.5,9.3,,,7.1
8.0,0.67,0.08,27.4,10.5,,,6.6
6.24,0.469,0.11,39.7,15.6,,,6.65
3.75,0.089,0.04,79.3,17.8,,,
3.58,0.117,,98.3,15.2,,,6.98
2.72,0.088,0.04,123.9,13.7,,,6.44
1.4,0.424,,108.8,7.5,,,6.41
9.82,0.925,0.02,27.6,9.1,,,6.49
7.98,0.58,0.04,32.4,17.1,2.0,,6.11
7.77,0.68,0.03,36.0,18.4,,5.74,5.33
5.63,0.53,0.03,72.1,16.9,,4.31,7.34
9.12,0.52,,45.5,8.6,,1.89,6.2
8.68,0.965,0.02,27.6,8.6,,4.17,6.0
9.3,,0.07,23.7,13.5,,2.49,5.81
6.0,0.231,0.55,57.7,16.0,,3.37,6.14
3.7,0.187,0.37,95.6,17.4,,6.18,6.21
10.4,1.01,0.5,42.7,7.6,,2.05,6.48
9.4,,0.16,31.8,8.1,,2.19,6.42
13.9,0.479,0.15,23.5,6.5,,1.99,7.15
9.6,0.164,0.11,62.0,9.2,,4.39,7.46
6.6,0.629,0.04,94.5,17.1,,3.71,7.18
4.4,0.638,0.15,107.5,22.3,,4.2,7.14
7.8,0.585,0.16,158.5,17.7,,3.54,7.23
0.3,0.478,,139.9,11.0,,10.2,6.33
16.1,2.415,0.03,39.11,0.1,,0.99,6.11
15.0,4.37,0.16,56.7,0.0,,1.52,6.51
11.2,3.255,0.09,27.3,7.0,,7.69,6.55
6.4,3.71,0.04,46.4,17.6,,2.49,6.47
6.43,3.43,0.04,42.0,15.0,,2.92,6.16
7.5,2.879,,31.8,16.9,,1.79,5.81
7.6,0.443,0.15,35.7,14.3,,2.54,5.84
9.4,0.234,0.06,37.2,9.1,,18.0,5.96
10.6,1.666,0.44,28.4,10.1,,1.62,5.97
7.2,0.19,0.08,53.3,11.0,,4.26,7.04
9.4,0.292,0.21,31.9,17.8,,0.57,6.68
7.1,0.213,0.17,48.0,19.3,,1.22,7.53
8.38,0.381,0.4,74.1,9.8,,5.35,6.86
11.34,0.027,0.21,36.1,7.3,,1.74,6.07
,0.115,0.17,36.7,7.8,,3.19,6.75
10.5,1.28,0.05,30.0,9.2,,4.26,6.12
9.0,1.431,0.15,27.4,17.0,,2.44,4.73
8.05,0.527,0.43,38.8,18.0,,4.39,5.83
7.92,0.27,0.25,35.2,16.5,,4.02,6.87
7.1,0.775,0.03,47.8,12.8,,7.9,6.53
10.04,,,,16.5,,,
10.5,,,,14.7,,,
9.3,,,,11.6,,,
10.8,,,,8.2,,,
,,,,14.3,,,
8.98,,,,17.0,,,
8.84,,,,19.8,,,
11.42,,,,13.8,,,
12.86,,,,12.3,,,
11.5,,,,3.4,,,
,,,,10.5,,,
10.1,,,,15.2,,,
8.8,,,,18.1,,,
9.2,,,,17.6,,,
9.2,,,,13.2,,,
9.3,,,,10.8,,,
10.0,,,,12.3,,,
7.1,,,,21.1,,,
5.7,,,,23.6,,,
5.5,,,,21.5,,,
6.1,,,,13.3,,,
7.0,,,,10.8,,,
13.7,0.15,0.38,71.1,9.7,,,7.0
9.46,1.56,0.19,44.4,15.7,,,6.0
8.45,,,60.1,17.5,,,
10.13,15.0,0.06,75.9,18.8,,,7.0
9.35,20.3,0.11,63.7,13.2,,,6.5
14.06,24.0,0.2,40.7,3.1,,,6.5
10.2,9.6,0.19,83.9,12.9,,,7.2
9.56,11.0,0.23,61.7,15.7,,,7.25
6.51,41.0,0.08,64.5,16.6,,,7.18
9.48,,0.21,119.8,16.7,,,7.47
11.06,,0.14,86.4,12.4,,,6.62
12.7,13.0,0.06,77.9,8.2,,,6.79
11.5,8.2,,38.0,10.6,,,6.35
8.66,12.0,0.03,85.1,14.3,,,7.07
8.33,13.0,,81.8,17.0,,,6.94
7.95,12.0,,79.7,15.9,,,7.14
,14.0,0.02,93.0,16.1,,,7.87
,33.0,0.26,58.0,8.1,,,7.22
8.75,9.0,0.02,30.0,14.5,,,7.2
7.01,6.0,0.03,123.0,19.5,,,7.81
8.65,7.03,,67.5,19.5,,,7.75
8.57,9.2,,68.4,13.4,,,7.53
9.72,3.32,0.03,94.0,10.4,,,7.21
8.54,0.47,0.07,26.2,8.6,,,6.43
7.54,1.04,0.06,95.0,19.3,,,6.9
7.69,1.04,0.06,86.0,18.6,,,6.24
8.62,,,86.0,17.4,,,7.1
12.8,3.38,,76.0,10.6,,,9.33
7.12,0.38,0.21,65.0,11.6,,,7.9
13.9,0.11,0.09,90.0,1.0,,,6.94
6.96,0.31,0.13,99.8,16.9,,,7.45
8.33,0.102,,108.4,11.1,,,7.8
14.3,0.276,,27.8,5.9,,,6.04
6.62,0.211,,89.6,17.6,,,7.32
6.09,0.144,0.39,116.4,19.7,,,7.36
9.17,0.29,0.59,87.3,13.1,,,7.03
10.78,0.1,,101.5,5.3,,,7.17
11.2,0.343,0.02,78.2,9.5,,,7.05
10.58,0.243,0.11,59.9,10.4,,,6.84
9.5,0.28,0.06,86.8,14.6,,,6.92
7.3,0.23,0.14,166.4,16.2,,,7.1
7.8,0.118,0.23,128.4,15.0,,,7.09
9.84,0.301,,111.9,8.8,,,7.38
9.57,0.487,0.07,56.2,9.9,,,6.75
9.2,0.365,,68.3,16.2,,,6.78
7.63,0.105,,96.1,19.1,,,
7.55,0.151,,118.9,15.5,,,7.53
7.04,0.234,0.04,150.0,15.4,,,7.0
6.37,0.103,0.06,139.0,13.6,,,7.28
10.84,0.52,,67.3,8.6,,,7.1
9.58,0.405,,63.0,16.4,,,7.11
7.96,0.24,0.5,112.6,19.4,,4.63,7.9
8.4,0.24,,111.2,16.9,,2.3,7.56
11.71,0.23,,105.6,8.5,,0.94,7.2
11.77,,0.1,58.2,7.4,,3.27,7.13
10.1,0.945,0.18,51.5,12.6,,1.41,6.69
9.7,0.253,0.56,91.6,16.0,,0.9,6.99
8.1,0.72,0.4,148.2,18.9,,1.1,6.7
13.1,0.44,0.21,72.4,7.4,,0.51,6.73
12.4,0.375,0.21,61.7,7.5,,1.36,6.78
14.9,0.403,,59.5,5.6,,2.07,7.8
11.0,0.217,0.11,96.0,8.9,,0.61,7.43
10.2,1.152,0.04,134.5,17.9,,0.15,7.2
7.9,0.78,0.1,202.5,23.0,,1.83,7.2
9.2,0.549,0.03,263.0,15.5,,2.15,7.05
10.7,0.824,0.06,201.4,11.0,,1.58,7.0
12.1,1.09,0.04,90.0,6.9,,12.1,7.67
9.3,4.395,,85.3,17.4,,1.22,7.16
8.17,3.05,0.06,91.2,16.1,,1.57,5.97
8.8,4.12,0.24,62.2,16.6,,2.05,6.9
9.0,0.443,0.13,83.3,13.4,,1.83,7.22
10.8,0.287,0.04,87.4,9.5,,10.0,6.99
11.6,0.691,0.23,61.8,8.8,,1.72,6.7
8.9,0.377,0.11,89.7,11.6,,0.76,7.29
9.5,0.828,0.31,98.5,16.6,,1.46,7.03
8.0,0.377,0.49,153.1,19.6,,1.47,7.46
9.67,0.239,0.47,133.3,10.4,,1.27,7.16
12.12,0.257,0.47,85.6,6.7,,1.32,6.89
,0.284,0.14,72.7,7.4,,2.28,7.02
10.4,0.806,0.2,96.2,9.0,,8.19,7.11
9.61,2.315,0.09,51.7,16.5,,3.64,6.13
9.58,0.802,0.21,97.0,17.1,,2.48,6.59
9.52,0.372,0.32,67.1,15.7,,1.68,6.72
10.66,0.576,0.21,101.5,11.5,,1.34,7.25
8.52,,,,21.1,,,
9.3,,,,,,,
10.8,,,,8.2,,,
9.21,,,,18.9,,,
8.83,,,,22.6,,,
11.7,,,,16.0,,,
10.98,,,,15.2,,,
7.7,,,,21.8,,,
8.5,,,,12.3,,,
10.4,,,,12.8,,,
7.6,,,,21.1,,,
7.6,,,,21.0,,,
6.9,,,,17.7,,,
7.1,,,,13.8,,,
9.1,,,,11.3,,,
11.55,0.67,0.18,101.1,12.3,,,7.0
9.1,,,42.9,18.1,,,
9.95,,,51.5,19.9,,,
10.06,16.1,0.08,90.6,21.2,,,7.0
10.15,15.0,0.13,61.1,13.1,,,6.5
12.73,12.0,0.11,38.0,4.0,,,5.5
10.91,12.0,0.15,95.6,14.9,,,7.09
9.9,13.0,0.11,55.9,17.3,,,6.96
9.05,62.9,0.2,67.0,17.9,,,6.93
9.08,,0.2,104.0,18.6,,,6.84
11.1,,0.12,93.5,12.8,,,6.5
14.3,8.0,0.06,90.8,7.9,,,6.38
10.92,11.0,,36.9,11.4,,,4.89
9.99,14.0,0.02,71.4,15.7,,,6.52
9.77,23.0,,103.8,19.3,,,7.48
9.33,15.0,,80.2,17.9,,,7.08
,16.1,,107.0,16.9,,,7.64
,30.0,,50.0,8.1,,,6.87
10.29,12.0,0.23,75.0,11.6,,,8.08
7.68,15.7,,29.0,16.1,,,6.26
8.86,9.1,,235.0,25.6,,,8.47
7.85,22.53,,73.0,19.8,,,7.86
9.87,14.67,,75.1,14.8,,,7.55
9.4,3.7,0.04,108.0,11.2,,,7.34
8.25,6.45,0.05,88.0,21.0,,,7.07
8.0,0.47,0.08,83.0,19.3,,,6.8
6.83,0.75,1.25,790.0,24.5,,,7.8
9.0,5.35,0.06,122.0,10.6,,,7.45
12.6,0.22,0.06,86.3,2.5,,,7.2
6.43,0.215,0.2,17.4,19.2,,,7.47
13.4,0.319,,29.9,7.7,,,5.95
9.75,0.665,0.14,97.7,15.5,,,7.18
6.95,0.397,0.1,106.7,22.4,,,7.29
10.07,0.965,0.2,83.9,13.8,,,6.64
12.35,0.41,0.05,109.6,5.0,,,7.24
10.37,0.85,0.1,61.2,10.5,,,6.92
9.76,0.63,0.17,47.3,11.1,,,6.69
9.27,0.95,,63.8,17.5,,,6.58
9.21,0.95,0.22,64.2,15.9,,,7.14
10.94,0.161,,98.9,9.3,,,7.19
10.65,,0.02,45.5,11.4,,,6.27
9.44,0.605,,64.6,19.3,,,6.45
8.98,0.116,0.07,23.1,24.3,,,
8.89,0.15,,20.0,24.3,,,8.13
10.29,0.965,0.02,58.3,10.8,5.0,,7.0
8.96,0.86,0.03,54.4,19.5,8.0,,6.41
7.87,,,95.8,19.7,,4.85,6.33
10.96,,0.06,58.3,11.5,,6.92,6.36
9.4,,0.12,40.8,17.0,,3.74,6.0
9.3,0.66,0.26,88.5,20.1,,7.84,6.88
6.0,0.68,0.17,14690.0,22.2,,,7.28
12.4,0.51,0.08,67.1,12.0,,23.0,6.25
13.2,,0.1,44.3,9.1,,29.8,6.04
13.7,0.461,0.02,49.0,8.6,,4.29,7.23
13.2,0.193,0.1,137.2,14.9,,8.58,7.7
10.6,0.585,0.21,164.9,28.3,,136.0,8.32
9.6,0.766,,266.6,26.8,,157.0,8.13
10.4,,0.2,507.0,21.0,,497.0,7.59
11.4,2.54,0.08,588.0,17.8,,1031.0,7.69
12.2,2.042,0.14,104.0,7.6,,281.0,7.14
9.5,3.835,,96.7,20.1,,8.25,7.24
8.24,2.025,0.14,86.4,22.0,,123.0,6.37
9.3,4.474,0.14,55.9,20.2,,6.32,6.09
10.1,1.329,0.21,83.6,16.1,,11.3,6.68
10.9,1.525,0.02,67.7,10.7,,20.0,6.29
11.4,1.139,0.19,56.2,11.1,,3.81,6.21
10.6,0.607,0.11,127.8,14.3,,15.0,7.15
8.9,0.523,0.25,85.8,22.5,,13.4,6.9
6.9,,2.0,55.9,29.2,,,7.61
10.06,1.13,0.76,168.1,17.6,,83.4,7.08
11.2,0.222,,74.7,9.5,,5.8,6.21
,0.239,0.37,77.0,8.5,,15.3,6.22
9.6,1.657,0.09,110.0,9.6,,51.7,6.25
8.81,2.073,0.18,49.2,17.9,,6.78,5.35
8.84,0.182,0.64,114.2,22.1,,63.1,6.26
9.12,0.744,0.1,75.5,20.0,,9.54,6.1
11.03,0.709,0.15,85.7,16.0,,10.5,6.68
9.23,,,,19.6,,,
7.6,,,,20.7,,,
5.53,,,,18.3,,,
9.86,,,,15.78,,,
9.01,,,,21.2,,,
7.1,,,,22.6,,,
10.86,,,,16.7,,,
,,,,,,,
13.3,,,,6.5,,,
,,,,16.6,,,
9.7,,,,20.2,,,
8.3,,,,18.6,,,
6.7,,,,13.8,,,
4.2,,,,11.5,,,
8.4,,,,,,,
9.0,,,,14.6,,,
6.8,,,,20.5,,,
5.3,,,,21.4,,,
5.6,,,,20.5,,,
7.0,,,,14.1,,,
9.0,,,,11.3,,,
11.68,0.0,0.18,82.0,13.8,,,6.5
9.91,0.13,0.22,29.3,16.2,,,5.5
6.25,14.0,0.18,84.5,27.5,,,7.0
10.08,19.0,0.06,167.0,14.9,,,
13.37,29.0,0.15,29.9,4.0,,,6.5
11.12,12.0,0.05,48.1,8.7,,,6.5
9.04,10.0,0.1,119.0,13.3,,,6.62
10.15,19.0,0.2,71.4,15.7,,,7.01
8.98,46.0,0.18,37.4,18.8,,,6.6
6.82,,0.1,143.2,18.9,,,6.57
9.01,,0.11,87.8,13.4,,,6.95
13.2,12.0,0.05,118.3,7.9,,,6.41
11.58,12.0,,40.3,8.3,,,6.6
8.1,12.0,0.23,320.8,23.2,,,7.22
7.21,13.0,,95.8,18.5,,,7.11
8.56,11.0,,90.2,17.4,,,7.03
,16.1,,104.0,10.5,,,7.38
,16.1,0.03,37.0,8.1,,,7.31
9.9,9.8,,105.0,8.12,,,
7.55,22.3,,26.2,17.2,,,6.65
5.16,4.9,,144.0,20.7,,,7.28
8.65,11.33,,43.6,17.5,,,7.02
8.2,2.83,0.08,148.0,17.8,,,6.7
6.33,1.28,0.05,70.0,20.9,,,7.35
,2.35,2.0,115.0,13.8,,,7.9
12.0,0.17,0.94,98.0,8.0,,,7.56
13.0,0.329,,37.0,8.8,,,6.53
8.83,0.194,0.08,92.5,16.9,,,6.88
7.27,0.355,,104.6,21.1,,,7.62
5.7,0.287,0.41,142.8,21.4,,,7.91
5.77,0.162,0.22,116.2,15.8,,,7.55
12.08,0.248,0.02,81.8,6.5,,,7.55
13.0,0.615,0.17,37.0,8.8,,,6.53
10.18,1.0,0.07,79.2,12.8,,,8.11
9.89,0.715,,71.7,14.4,,,7.5
6.0,0.94,0.09,122.7,19.1,,,7.29
9.6,0.338,,76.8,11.0,,,7.12
10.85,,0.38,42.4,11.9,,,6.12
7.44,0.244,,94.9,22.6,,,6.79
6.87,0.09,,146.5,21.7,,,7.84
4.46,0.32,,238.5,20.6,,,7.08
4.4,0.58,0.03,135.7,16.8,,,7.36
6.78,0.21,,195.7,14.5,,,7.34
8.28,0.372,0.04,103.3,13.2,,,7.76
7.88,0.42,,77.5,21.9,5.0,,7.66
5.63,0.54,0.04,228.7,22.0,6.0,21.3,7.54
9.51,0.14,0.05,206.5,13.4,,33.1,7.7
9.12,0.695,0.12,75.0,10.9,,6.3,8.6
9.7,0.72,0.4,63.0,16.9,,5.99,6.41
8.9,0.535,0.11,108.8,20.0,,7.53,6.76
5.6,0.093,0.17,143.8,17.6,,5.6,6.06
10.7,0.273,0.23,66.9,12.4,,6.79,5.99
12.3,0.224,0.25,50.2,12.1,,8.94,5.34
13.7,0.058,0.04,53.3,7.8,,13.8,7.1
11.0,0.184,0.16,245.1,22.3,,4.25,7.47
10.1,0.682,,355.4,20.0,,3.01,7.9
6.9,1.311,0.08,348.0,21.0,,5.99,7.62
5.3,0.882,,387.4,16.9,,23.4,7.62
12.2,0.997,0.04,222.3,10.0,,14.9,6.93
18.3,2.215,0.07,97.8,0.1,,4.04,6.6
19.0,2.211,0.18,101.8,0.1,,4.63,6.6
11.8,0.682,0.09,60.4,9.1,,8.53,6.68
7.0,1.59,0.3,122.3,19.5,,8.31,7.2
7.9,3.8,0.02,77.2,20.0,,19.6,7.13
8.0,1.497,,72.4,22.1,,6.99,6.92
8.4,2.215,,125.5,15.8,,102.0,6.97
9.8,0.009,0.33,132.6,11.7,,12.0,7.12
12.4,0.301,0.07,63.7,9.1,,4.85,6.72
8.9,0.204,,155.3,15.2,,12.4,7.76
8.8,0.222,0.11,75.1,18.0,,12.8,7.34
6.0,0.058,,219.6,20.8,,6.18,7.88
9.06,0.532,0.13,275.7,11.5,,12.5,7.03
10.67,0.399,0.13,86.1,10.5,,18.32,
,0.408,0.17,54.22,7.3,,9.82,5.82
11.26,0.935,0.18,44.1,11.8,,0.0,6.23
8.71,0.665,0.03,55.6,20.5,,4.99,6.14
9.66,0.42,0.06,76.8,18.8,,11.6,6.73
8.47,0.323,0.05,99.3,18.4,,7.42,7.15
10.83,0.456,0.03,97.2,11.7,,6.39,7.84
9.8,,,,24.1,,,
8.5,,,,21.9,,,
7.4,,,,19.0,,,
10.4,,,,11.0,,,
,,,,,,,
10.85,,,,6.8,,,
7.92,,,,18.3,,,
8.49,,,,16.8,,,
6.3,,,,17.1,,,
12.15,,,,6.46,,,
9.77,,,,15.26,,,
8.65,,,,19.9,,,
8.2,,,,12.8,,,
9.58,,,,16.6,,,
10.2,,,,14.7,,,
9.5,,,,10.0,,,
12.8,,,,6.5,,,
8.5,,,,16.7,,,
7.4,,,,19.5,,,
8.9,,,,13.6,,,
7.2,,,,12.4,,,
9.51,,,,16.2,,,
5.59,,,,18.1,,,
5.3,,,,20.6,,,
5.94,,,,18.7,,,
5.9,,,,10.0,,,
8.6,,,,12.8,,,
11.08,0.63,0.73,383.9,10.7,,,7.5
10.07,0.8,2.6,114.6,13.8,,,6.5
8.91,0.39,0.36,171.3,18.4,,,7.0
7.81,20.3,0.33,184.2,21.1,,,6.5
9.51,19.0,0.17,189.6,15.4,,,6.5
12.38,19.0,0.13,74.8,6.9,,,6.0
8.44,21.0,0.09,214.4,7.3,,,7.0
10.04,19.0,0.1,1003.0,17.1,,,7.62
8.53,17.0,0.1,262.9,15.6,,,7.56
9.86,140.0,,158.1,19.4,,,7.83
10.57,,,891.0,16.7,,,7.57
11.72,,0.1,236.4,15.6,,,7.0
13.79,14.0,0.13,317.5,9.4,,,7.2
10.81,14.0,,108.2,13.1,,,6.02
9.16,19.0,,321.8,15.0,,,7.07
9.65,22.0,0.02,373.8,16.1,,,7.04
10.07,21.0,,347.6,14.8,,,7.01
,31.0,0.05,1340.0,13.0,,,7.82
,41.0,,150.0,9.0,,,7.45
7.92,30.0,,130.0,16.2,,,6.98
6.11,23.67,,1500.0,20.9,,,7.66
9.54,39.33,0.05,62.8,17.6,,,7.54
8.88,21.0,,60.2,14.6,,,7.54
9.7,0.25,0.09,328.0,14.3,,,7.69
7.7,4.32,0.08,580.0,10.1,,,7.71
,0.0,0.22,560.0,17.4,,,7.4
,0.11,0.03,1161.0,18.2,,,8.03
13.0,0.41,,277.0,2.5,,,7.19
12.0,0.163,,143.2,8.9,,,
5.94,0.36,0.47,23319.0,21.6,,,7.3
10.38,0.394,0.08,267.8,10.2,,,7.42
10.1,0.488,0.05,203.4,11.1,,,7.48
8.1,0.312,0.7,819.0,16.2,,,7.52
7.71,0.25,0.09,3511.0,10.2,,,7.63
10.18,,0.03,188.3,10.9,,,7.33
8.52,0.575,0.1,4200.0,18.0,,,7.2
6.26,,0.18,3600.0,22.0,,,
5.67,0.0,,32911.0,18.0,,,7.55
7.37,0.261,0.12,4902.0,17.4,,,7.46
5.34,,,30932.0,11.0,,,7.25
10.12,,,268.9,9.6,4.0,,7.48
8.02,0.242,0.07,288.6,19.1,4.0,,7.84
5.25,0.16,0.9,1480.0,21.7,9.0,36.0,7.15
4.83,0.95,0.29,35000.0,20.3,,273.0,7.95
9.32,0.16,0.25,2888.0,10.6,,72.1,7.92
11.66,,0.09,356.2,7.9,,23.5,7.51
9.5,,0.13,215.5,14.2,,13.7,6.92
8.0,0.278,0.41,360.3,16.9,,98.0,7.18
7.5,0.525,0.39,748.0,19.4,,37.7,7.1
11.2,0.59,0.15,619.8,9.2,,9.51,7.03
11.2,0.54,0.43,229.1,8.6,,8.94,7.12
14.2,0.68,0.06,263.4,6.8,,7.24,8.11
9.5,0.246,0.12,2424.0,10.7,,37.5,7.69
8.1,2.92,0.15,1787.0,18.4,,24.2,7.72
5.8,1.813,0.31,10530.0,22.5,,119.0,7.7
6.1,3.01,0.15,25580.0,19.3,,29.1,7.45
7.7,1.887,0.15,17130.0,11.7,,41.8,6.93
17.1,2.39,0.09,609.3,0.1,,6.85,7.12
17.1,3.285,0.31,854.4,0.0,,5.61,7.22
11.6,0.284,0.15,151.0,7.3,,189.0,7.66
10.6,2.44,,436.3,23.4,,8.59,8.05
8.53,2.095,0.12,498.0,17.3,,15.6,6.35
9.2,1.329,0.1,267.7,17.6,,25.6,7.9
8.8,8.86,0.15,359.7,14.9,,29.9,7.42
10.6,0.371,0.03,236.9,10.5,,24.0,7.54
11.6,0.921,0.36,256.9,9.0,,21.5,6.8
8.3,1.369,0.04,562.5,12.1,,14.4,7.23
8.6,2.285,0.04,413.8,16.7,,4.7,7.22
6.2,1.125,0.33,610.0,20.0,,19.6,7.5
10.55,1.542,0.46,750.0,11.3,,21.1,7.36
11.32,1.36,0.18,343.2,7.5,,5.77,6.77
,0.899,0.23,354.8,7.9,,9.69,6.83
11.4,0.4664,0.07,284.3,9.3,,30.6,7.51
9.19,2.82,0.12,143.5,17.7,,27.0,6.8
8.5,0.372,0.09,408.2,17.5,,16.4,6.8
8.69,0.328,0.16,270.5,16.6,,7.57,7.67
9.34,4.87,0.08,402.4,13.1,,8.88,7.47
12.0,,,,6.3,,,
8.99,,,,15.59,,,
9.01,,,,18.1,,,
,,,,19.3,,,
10.41,,,,17.5,,,
8.36,,,,10.9,,,
10.55,,,,8.7,,,
11.6,,,,8.3,,,
8.9,,,,17.2,,,
7.7,,,,19.6,,,
7.1,,,,17.0,,,
8.4,,,,11.0,,,
8.7,,,,10.7,,,
9.7,,,,14.7,,,
7.9,,,,20.8,,,
6.0,,,,19.7,,,
6.9,,,,17.6,,,
8.1,,,,8.7,,,
8.6,,,,8.8,,,
11.18,0.09,0.03,227.8,9.5,,,7.0
7.39,0.34,0.36,260.8,15.4,,,6.5
8.2,0.14,0.06,157.0,20.08,,,7.0
6.52,17.0,0.02,50.8,23.4,,,7.5
8.93,20.3,,305.5,13.1,,,7.0
12.82,15.0,0.22,50.8,5.3,,,6.0
9.99,14.0,0.1,199.8,7.1,,,
8.69,14.0,0.18,254.6,12.9,,,6.7
7.39,27.0,0.16,186.0,19.5,,,7.92
8.01,,0.18,254.6,15.9,,,7.01
9.04,,0.16,163.4,13.5,,,7.3
14.02,16.1,0.02,272.8,14.53,,,7.0
8.37,14.0,0.03,210.7,8.4,,,6.81
8.46,18.0,0.13,297.4,16.8,,,7.11
6.79,16.1,0.04,137.6,17.4,,,7.14
6.98,12.0,0.03,145.1,15.4,,,7.05
,28.0,0.19,246.0,10.3,,,7.84
,25.0,,164.0,6.7,,,8.65
9.78,13.0,0.13,251.0,11.9,,,8.27
7.21,12.0,0.04,316.0,18.0,,,7.39
5.7,9.83,0.19,254.0,16.9,,,7.57
6.54,13.0,0.07,51.2,14.7,,,6.91
6.89,9.2,0.23,64.7,11.8,,,7.35
8.4,1.95,0.15,420.0,13.0,,,7.1
10.34,2.22,0.06,154.0,20.8,,,6.9
,0.7,0.42,473.0,13.0,,,9.49
12.8,0.19,0.22,253.0,3.1,,,7.2
8.22,0.24,0.08,329.6,18.3,,,7.61
11.9,0.213,0.03,100.4,9.4,,,7.6
11.9,0.438,,320.3,8.2,,,7.64
6.81,0.251,0.24,329.2,15.8,,,7.49
4.9,0.229,0.16,485.7,19.4,,,7.6
7.99,0.082,0.12,386.5,14.8,,,7.62
10.38,0.182,0.09,387.4,4.2,,,7.62
10.33,0.387,0.02,,12.9,,,6.78
9.78,0.58,0.12,163.9,11.6,,,6.91
9.16,0.97,0.24,155.1,15.9,,,7.76
9.06,0.195,0.14,190.3,17.8,,,6.94
10.46,,0.06,142.9,13.1,,,7.12
7.33,1.0,0.15,885.0,20.0,,,
8.8,0.88,0.11,314.5,11.1,8.0,,7.6
8.96,0.555,0.05,212.4,18.4,4.0,,7.5
6.16,0.7,0.22,284.3,18.2,,33.7,7.6
10.4,0.21,0.17,380.1,11.4,,26.3,7.5
9.98,0.257,0.02,307.3,9.3,,22.2,7.5
9.1,,0.4,119.3,14.0,,13.2,6.63
7.5,0.36,0.58,411.9,17.3,,3.87,7.11
9.3,0.875,0.4,266.2,18.4,,157.0,7.1
10.2,0.151,0.12,182.1,14.1,,7.23,6.63
9.9,,0.36,221.2,12.0,,,7.4
13.4,0.535,,311.7,6.1,,8.39,8.22
10.9,0.17,,747.0,10.6,,3.34,7.56
3.9,0.868,0.15,675.0,19.7,,11.1,7.31
7.6,1.564,0.14,627.0,16.3,,123.0,7.13
13.1,3.19,0.2,566.3,6.6,,,7.33
17.2,2.315,0.03,317.7,0.6,,4.46,7.01
17.8,3.835,0.09,20.8,0.1,,5.24,7.12
12.2,4.165,,158.0,7.7,,9.39,7.22
5.1,1.165,0.22,417.8,19.4,,5.64,7.46
7.8,,0.07,278.4,21.8,,5.86,7.41
9.9,13.29,0.16,943.0,13.7,,19.3,7.32
9.9,0.474,0.07,378.8,10.2,,20.0,7.26
10.2,2.63,0.28,631.0,11.5,,2.64,7.62
7.6,2.51,0.36,807.0,16.8,,1.86,7.52
6.4,0.425,0.24,720.0,18.7,,2.18,7.63
9.97,1.028,0.24,447.2,13.9,,7.7,7.2
10.93,0.447,0.27,197.4,6.5,,3.98,6.71
,0.275,0.13,356.0,8.9,,11.3,7.1
10.69,0.731,0.25,168.3,10.4,,13.4,7.32
8.29,0.842,0.28,116.4,19.1,,17.3,6.71
8.25,0.213,0.71,367.4,17.9,,5.62,6.88
8.54,0.78,0.23,217.8,17.4,,3.47,6.87
10.29,0.797,0.03,240.8,11.8,,3.1,8.02
9.55,0.0,,71.5,17.7,,,6.0
9.12,0.31,0.07,96.2,13.6,,,6.0
7.23,1.34,0.12,98.0,22.0,,,6.5
7.39,8.6,0.12,207.5,24.5,,,7.5
6.79,61.7,0.12,287.4,12.8,,,7.0
10.36,9.8,0.26,64.9,10.7,,,6.7
8.12,16.1,0.29,32.6,16.8,,,6.79
7.01,10.0,0.2,44.8,18.9,,,7.14
2.52,18.0,0.38,112.0,18.3,,,7.05
7.75,,0.24,194.0,18.5,,,6.97
9.57,,0.22,76.8,14.9,,,6.57
14.02,14.0,0.18,98.3,7.0,,,6.81
8.3,14.0,,132.9,14.6,,,6.21
6.97,12.0,0.19,46.0,13.6,,,7.39
8.66,16.1,0.05,165.9,12.2,,,6.81
,15.0,0.08,334.0,7.4,,,7.51
,11.0,,52.0,9.8,,,7.22
7.14,8.3,0.03,64.0,11.0,,,7.9
5.57,8.2,,37.0,16.1,,,6.7
3.36,6.7,,98.0,21.0,,,7.36
8.66,8.75,0.09,29.4,19.0,,,7.81
7.46,8.3,0.03,39.8,15.7,,,7.36
7.89,1.96,0.05,420.0,13.0,,,7.42
7.09,0.67,0.02,116.0,24.5,,,7.5
6.7,0.0,0.12,169.0,18.2,,,7.42
6.7,0.0,0.12,169.0,18.2,,,7.42
,0.02,0.08,209.0,14.1,,,9.05
8.4,0.0,0.06,415.0,12.8,,,7.8
10.2,0.925,0.02,25.7,9.6,,,6.4
7.86,,0.08,29.6,18.3,,,6.14
7.21,0.88,0.06,34.2,19.2,,3.52,5.79
8.65,0.91,0.02,40.9,17.6,,1.06,7.02
10.3,0.3,0.1,39.9,8.7,,0.42,6.3
11.14,,0.09,21.8,9.1,,0.67,5.87
9.8,,0.11,22.4,14.1,,2.83,5.26
9.0,,0.25,34.3,17.4,,9.0,6.48
7.4,0.086,0.77,45.2,20.1,,1.75,6.9
12.2,,0.27,32.1,8.2,,0.2,5.89
11.2,,0.15,31.6,8.1,,0.55,5.69
14.2,0.83,0.08,21.0,7.1,,0.49,6.51
9.7,0.165,0.08,38.7,10.4,,1.27,7.34
8.7,1.006,0.02,47.9,19.7,,0.95,7.03
6.5,,0.07,52.0,21.5,,4.28,7.35
8.8,1.763,,56.0,16.1,,1.56,6.91
5.2,3.595,,77.0,11.8,,7.93,6.4
15.9,3.515,0.02,35.8,0.0,,0.95,5.98
16.1,4.28,0.13,33.5,0.0,,1.08,5.9
11.2,,0.16,28.0,7.6,,6.5,6.7
9.1,,,34.2,19.0,,0.09,6.4
8.37,3.792,,33.2,17.0,,0.95,6.37
9.2,3.278,0.06,32.7,17.3,,0.87,5.27
8.4,3.101,0.11,33.6,14.2,,1.62,5.93
10.0,0.69,0.02,35.2,8.9,,22.0,6.14
11.2,0.755,0.21,26.9,10.1,,0.74,6.28
8.6,0.222,0.1,32.7,12.5,,1.71,7.28
7.6,0.443,0.23,48.0,19.1,,2.51,6.71
4.1,0.186,0.21,97.2,18.6,,4.55,7.02
9.61,,0.44,35.6,10.5,,5.1,6.86
10.53,0.47,,41.8,7.8,,1.21,5.97
,0.23,0.11,29.6,7.9,,1.54,7.01
10.6,1.887,0.06,28.2,9.5,,1.87,6.7
8.58,2.475,0.21,30.3,17.7,,1.3,4.83
8.94,0.859,0.4,34.9,19.2,,1.12,6.08
8.91,0.93,0.32,32.9,17.0,,1.57,5.66
9.82,1.112,0.29,34.2,12.2,,1.02,6.72
11.1,,,,16.3,,,
,,,,16.0,,,
,,,,16.0,,,
,,,,18.0,,,
,,,,7.0,,,
,,,,18.0,,,
,,,,19.0,,,
,,,,13.0,,,
,,,,15.0,,,
,,,,17.0,,,
,,,,,,,
,,,,,,,
11.25,,,,7.5,,,
10.8,,,,16.1,,,
8.6,,,,20.1,,,
9.44,,,,21.8,,,
9.85,,,,18.0,,,
9.59,,,,11.8,,,
10.38,,,,9.1,,,
11.5,,,,8.8,,,
,,,,13.5,,,
9.3,,,,16.5,,,
7.3,,,,20.2,,,
7.4,,,,18.8,,,
8.7,,,,12.7,,,
9.1,,,,12.3,,,
10.3,,,,14.9,,,
5.8,,,,18.1,,,
6.1,,,,19.5,,,
5.8,,,,16.4,,,
9.5,,,,9.3,,,
9.9,,,,8.5,,,
10.84,0.27,0.51,364.6,10.2,,,7.5
7.98,0.1,0.21,402.0,14.8,,,7.5
8.41,0.13,0.32,290.0,18.87,,,7.0
9.79,18.0,0.19,413.3,25.1,,,8.0
9.93,17.0,0.1,273.4,13.5,,,7.5
13.08,15.0,0.15,173.8,5.0,,,7.0
10.12,14.0,0.11,373.7,6.9,,,
8.76,12.0,0.15,493.0,13.5,,,6.9
7.85,14.0,0.14,442.8,20.1,,,7.76
8.67,31.0,0.58,346.0,18.8,,,7.77
8.56,,0.18,474.0,24.3,,,7.11
10.36,,0.09,387.0,15.1,,,7.06
14.66,16.1,0.04,421.4,8.9,,,7.3
8.86,12.0,0.09,203.3,6.8,,,6.91
7.37,15.0,,331.0,16.2,,,7.21
6.47,19.0,,331.5,17.6,,,6.96
7.68,14.0,,315.3,16.1,,,7.16
,16.1,,437.0,12.7,,,7.52
,14.0,,233.0,10.7,,,7.76
10.26,11.0,,367.0,11.5,,,8.26
7.23,11.7,,226.0,16.6,,,7.51
5.6,11.33,,563.0,18.9,,,7.66
6.85,12.33,0.19,56.3,17.4,,,6.75
7.86,9.1,0.13,55.0,14.6,,,6.95
10.0,0.25,0.07,27.5,10.4,,,7.47
12.49,4.06,0.06,304.0,19.5,,,6.8
6.43,0.0,1.35,811.0,14.3,,,7.67
,0.38,0.45,666.0,16.3,,,8.08
,0.33,0.54,666.0,16.3,,,8.08
8.7,0.02,0.21,367.0,12.7,,,7.9
12.44,0.266,,200.7,9.2,,,7.08
9.53,0.182,0.15,380.3,14.7,,,7.89
8.35,0.193,0.07,508.6,12.7,,,7.38
12.02,0.176,0.04,330.8,11.8,,,7.17
8.97,0.177,0.18,361.1,14.3,,,7.4
6.65,0.126,0.4,531.2,14.9,,,7.48
7.65,0.324,0.16,499.7,11.4,,,7.37
11.43,1.0,0.12,247.7,11.9,,,7.81
6.96,0.31,,430.5,17.8,,,7.71
6.55,0.715,0.22,402.5,19.1,,,
6.05,0.39,,472.7,18.3,,,7.76
5.37,,,657.0,19.0,,,7.7
6.41,,,603.9,11.9,,,7.67
9.05,0.479,0.05,321.8,10.2,3.0,,7.93
6.6,0.228,0.17,428.4,20.4,7.0,,7.84
6.31,0.15,0.11,477.2,21.5,20.0,40.9,6.32
5.42,0.3,0.05,413.1,17.3,,19.8,8.1
9.08,0.31,0.1,577.7,11.6,,8.83,7.94
9.49,0.3,0.04,355.9,10.3,,7.01,7.07
10.5,0.272,0.22,353.5,15.6,,5.14,7.42
8.7,0.227,0.2,403.4,17.8,,88.0,7.29
8.7,0.364,0.17,512.7,16.7,,15.5,7.27
11.4,0.334,0.2,348.4,10.7,,12.1,7.21
11.4,0.357,0.15,294.2,10.3,,2.87,7.38
12.6,0.215,0.05,352.5,7.8,,3.64,7.93
11.8,0.119,0.06,670.0,13.1,,5.69,7.63
6.3,1.453,0.05,692.0,20.2,,20.8,7.31
7.0,1.081,0.05,625.0,21.9,,10.6,7.76
9.8,2.695,0.26,711.0,16.0,,7.26,7.85
11.7,,0.02,660.5,7.2,,13.1,7.55
16.7,2.77,0.11,392.7,0.0,,5.36,7.52
16.7,2.355,0.08,458.5,0.1,,4.55,7.4
6.1,,0.18,639.0,17.0,,3.9,7.5
7.7,4.05,0.06,642.0,19.0,,9.89,7.9
7.9,2.65,1.65,472.9,19.9,,3.84,7.72
10.2,0.403,0.11,421.0,10.4,,0.0,7.65
13.1,0.518,0.22,325.0,8.6,,7.71,7.23
8.7,0.434,0.1,500.5,11.9,,6.62,7.53
7.4,1.289,0.18,584.15,17.4,,5.34,7.48
6.8,0.261,0.16,704.0,20.3,,10.9,7.78
7.83,1.582,0.12,635.0,11.8,,10.44,7.48
11.41,0.673,0.23,427.6,7.9,,3.74,
,0.828,0.29,419.1,7.1,,5.51,6.53
11.26,0.589,0.32,44.1,11.8,,10.5,6.23
8.3,0.957,0.89,289.0,19.0,,8.52,6.81
8.58,0.64,0.31,469.6,17.4,,15.1,6.94
7.35,1.014,0.13,473.3,17.7,,4.19,6.62
9.46,0.439,0.05,447.9,12.3,,2.68,7.07
8.89,,,,15.5,,,
9.67,,,,15.6,,,
9.5,,,,11.7,,,
10.3,,,,7.8,,,
8.94,,,,17.9,,,
,,,,,,,
10.56,,,,14.8,,,
11.87,,,,12.4,,,
10.1,,,,3.4,,,
,,,,11.0,,,
8.8,,,,15.7,,,
8.2,,,,17.7,,,
7.2,,,,17.0,,,
9.2,,,,14.5,,,
7.7,,,,10.4,,,
9.8,,,,11.3,,,
6.8,,,,16.5,,,
4.9,,,,20.0,,,
5.7,,,,15.9,,,
5.9,,,,13.3,,,
7.6,,,,11.0,,,
11.34,0.0,0.28,80.2,13.0,,,6.5
8.72,0.31,0.19,80.2,15.6,,,6.0
8.61,,,76.2,19.8,,,
8.25,22.0,0.28,87.1,20.6,,,6.5
10.51,17.0,0.42,80.1,12.8,,,6.5
11.33,20.3,0.1,42.6,3.2,,,6.0
7.6,13.0,0.12,186.1,13.2,,,6.81
9.64,21.0,0.15,167.0,17.1,,,7.04
8.55,109.8,0.2,129.0,17.1,,,7.03
7.11,,0.18,309.0,16.7,,,6.66
9.13,,0.12,134.7,13.0,,,6.53
11.42,13.0,0.12,126.9,7.2,,,6.51
10.4,11.0,,90.4,12.0,,,5.55
8.5,23.0,,247.8,15.0,,,7.24
5.24,14.0,,171.8,19.8,,,6.97
9.51,16.1,,187.4,17.5,,,7.2
,26.2,,181.0,14.1,,,7.5
,79.0,,100.0,8.0,,,7.17
8.81,13.0,,203.0,12.3,,,7.91
7.32,21.7,,93.0,16.2,,,6.65
3.6,9.0,,207.0,23.5,,,7.61
9.68,16.33,,50.2,18.2,,,7.62
9.44,11.67,,51.1,15.0,,,7.15
8.63,3.56,0.03,130.0,11.3,,,6.9
7.93,0.88,0.03,135.0,18.9,,,6.7
6.73,0.34,0.09,320.0,19.5,,,7.09
,0.95,0.25,386.0,21.1,,,7.74
11.7,0.17,,182.0,2.0,,,8.17
4.98,0.23,0.05,248.7,16.5,,,7.16
2.91,0.316,0.24,250.6,21.0,,,7.33
2.46,0.0,0.2,269.2,15.6,,,6.91
3.87,0.41,,271.4,7.2,,,6.81
7.45,0.602,0.04,188.1,11.4,,,6.74
,0.444,0.06,177.2,11.4,,,6.72
6.2,1.005,0.15,97.9,16.3,,,6.45
,0.91,0.1,252.2,16.3,,,6.8
8.0,0.227,,402.0,15.8,,,6.59
7.01,1.0,0.04,87.5,11.7,,,6.35
0.35,0.525,0.03,456.9,14.1,,,6.12
3.25,0.545,0.07,240.0,22.3,,,
2.93,0.363,0.05,375.3,18.3,,,7.18
0.66,0.424,,840.0,15.2,,,6.51
4.49,0.305,,438.0,9.2,,,6.54
4.22,0.945,0.08,138.0,10.4,,,6.98
6.08,0.56,0.13,104.6,19.9,5.0,,6.75
3.26,0.12,0.1,265.1,20.0,,10.1,6.37
3.99,,0.07,1590.0,24.0,,4.32,6.72
7.05,0.32,,255.1,9.6,,7.63,6.5
9.46,,0.03,116.2,11.5,,2.35,6.46
8.6,,0.23,77.6,16.7,,3.14,5.97
6.6,,0.43,146.9,20.2,,18.3,6.39
5.6,0.173,0.45,218.9,20.1,,178.0,6.52
8.3,0.407,0.11,124.1,9.7,,4.71,5.79
9.2,0.51,0.2,118.4,8.6,,118.4,6.27
13.4,0.52,0.16,121.4,8.2,,4.51,7.45
7.8,0.219,0.19,251.0,11.5,,2.52,7.07
5.4,1.745,0.14,510.5,18.8,,7.21,6.88
6.0,,0.12,549.0,21.8,,12.0,7.05
7.4,1.528,0.03,767.0,16.9,,9.34,7.1
8.6,0.633,,920.0,12.5,,22.9,6.95
15.0,1.595,0.06,208.9,0.0,,2.76,6.52
15.5,3.41,0.12,179.0,0.0,,2.4,6.59
11.4,2.53,0.09,137.5,7.4,,25.6,7.49
5.1,4.09,0.48,173.8,19.5,,3.97,6.64
4.6,1.05,0.05,304.8,15.6,,2.91,6.76
5.8,4.408,,87.7,16.2,,3.97,6.1
4.6,3.544,0.1,242.8,14.5,,5.36,6.38
7.8,1.218,0.05,158.0,10.1,,14.0,6.4
9.1,0.536,0.21,112.0,10.7,,3.01,6.41
4.4,0.23,0.2,208.3,13.3,,3.93,6.95
3.7,0.204,0.11,248.8,18.0,,4.5,6.56
2.0,0.102,0.14,344.1,22.0,,6.13,7.15
3.66,0.434,0.23,233.9,12.3,,6.65,6.44
8.56,0.177,0.17,115.6,9.8,,3.01,6.07
,0.159,0.07,135.2,8.9,,3.3,6.55
10.4,1.604,0.22,232.0,9.3,,13.6,6.3
7.46,1.192,0.25,88.5,17.9,,3.42,5.92
3.94,0.337,0.49,259.2,20.8,,5.36,6.22
5.34,0.647,0.08,119.8,16.8,,6.31,5.49
5.61,0.567,0.11,147.7,13.7,,6.0,6.34
9.1,,,,18.7,,,
9.31,,,,14.3,,,
12.1,,,,7.1,,,
8.74,,,,18.2,,,
8.03,,,,20.0,,,
8.25,,,,18.4,,,
10.95,,,,10.8,,,
12.38,,,,6.81,,,
9.85,,,,15.7,,,
8.96,,,,19.7,,,
9.9,,,,21.0,,,
11.08,,,,16.6,,,
10.07,,,,15.3,,,
10.75,,,,10.6,,,
12.5,,,,9.3,,,
,,,,14.0,,,
9.9,,,,16.8,,,
7.6,,,,21.2,,,
8.3,,,,20.7,,,
9.3,,,,15.2,,,
10.1,,,,12.3,,,
9.7,,,,17.8,,,
7.8,,,,16.8,,,
7.0,,,,19.6,,,
6.9,,,,16.4,,,
8.1,,,,8.3,,,
10.1,,,,12.3,,,
11.13,0.15,0.14,277.9,13.0,,,7.0
10.37,0.0,,242.9,14.4,,,7.25
8.73,0.19,0.16,290.9,21.4,,,7.5
9.15,15.0,0.11,271.6,23.7,,,7.5
8.56,10.0,,290.6,16.1,,,
10.66,13.0,0.15,73.1,7.8,,,6.5
11.61,12.0,0.07,223.5,11.6,,,7.5
8.53,15.0,,193.3,10.1,,,6.88
9.75,12.0,0.12,292.4,17.7,,,7.5
8.59,14.0,0.38,271.1,19.8,,,7.61
8.89,25.0,0.36,236.0,20.4,,,7.6
9.37,,0.18,309.7,19.0,,,7.35
11.02,,0.11,179.3,14.4,,,6.74
12.73,14.0,0.03,181.4,8.0,,,6.18
7.85,17.0,0.04,311.1,17.3,,,7.3
9.53,16.1,0.24,289.1,16.1,,,7.06
,17.0,,327.0,12.8,,,7.81
,17.0,,186.0,9.8,,,7.75
10.01,14.0,0.07,315.0,12.3,,,8.08
12.85,13.0,,330.0,17.7,,,7.56
6.36,10.03,0.03,415.0,20.3,,,7.65
9.65,13.67,0.04,75.7,17.6,,,7.59
9.54,10.2,0.06,75.7,14.1,,,7.55
8.86,4.26,0.13,385.0,16.1,,,7.55
10.87,2.82,0.08,228.0,10.8,,,7.05
8.08,0.01,0.1,560.0,20.1,,,7.27
,0.06,0.29,241.0,19.1,,,8.18
,0.12,0.25,241.1,19.1,,,8.18
9.3,0.0,0.04,269.0,12.1,,,7.61
9.11,0.17,0.06,364.4,18.8,,,7.84
13.05,0.273,,184.1,9.3,,,7.46
12.33,0.416,0.08,318.4,5.0,,,7.65
11.46,0.3,0.57,300.2,8.5,,,7.07
9.28,0.367,0.06,316.4,14.3,,,7.61
7.74,0.442,0.07,418.3,15.0,,,7.11
9.47,0.349,0.06,366.6,11.2,,,7.28
11.28,0.502,0.03,329.6,13.1,,,7.09
8.58,0.498,0.11,335.6,18.5,,,8.17
7.14,0.925,0.16,383.3,21.6,,,
8.93,0.28,0.05,462.1,20.6,,,8.01
6.9,0.308,,544.1,17.1,,,7.67
6.87,,,476.2,12.3,,,7.65
9.9,0.341,0.12,303.6,12.6,24.0,,7.91
7.73,0.412,0.17,367.4,21.3,4.0,,7.66
10.19,0.25,0.17,510.0,24.7,5.0,10.5,6.76
8.52,0.13,0.14,397.9,18.3,,12.5,7.77
11.22,0.35,0.37,384.1,10.7,,13.2,7.55
10.37,0.58,0.07,362.4,12.9,,9.37,7.59
10.0,0.348,0.14,282.0,16.3,,6.03,7.2
9.1,0.256,0.22,335.4,20.1,,99.0,7.34
9.4,,0.21,449.1,18.9,,112.0,7.13
10.4,0.262,0.23,321.5,11.1,,4.35,7.14
10.9,0.163,0.13,268.8,11.9,,11.0,7.44
4.49,0.143,,649.0,14.5,,4.49,8.07
9.6,0.554,0.11,637.0,19.9,,9.79,7.97
9.5,1.24,0.1,612.0,23.1,,6.11,7.94
11.7,0.611,0.39,510.1,18.5,,4.82,8.34
13.6,0.806,0.06,650.8,8.4,,13.1,7.82
16.0,1.506,0.05,513.64,0.4,,11.0,7.43
16.8,2.149,,444.2,0.0,,11.0,7.38
11.1,0.691,0.06,309.3,10.8,,19.4,8.31
8.3,2.82,,469.3,18.4,,5.55,7.7
8.64,2.51,0.06,505.0,18.8,,9.12,7.74
9.0,2.215,0.11,325.2,16.5,,13.0,7.69
12.1,0.452,0.19,320.7,9.8,,5.11,7.26
10.3,0.372,0.33,481.8,16.5,,6.02,7.68
8.1,1.347,0.3,474.4,20.9,,5.99,7.65
3.39,0.589,0.21,559.0,20.0,,9.9,7.82
9.46,0.226,0.22,479.5,12.1,,6.51,7.5
11.08,0.399,0.12,325.9,9.9,,3.89,
,,0.27,397.9,6.9,,92.0,7.28
10.84,1.143,0.11,264.5,11.9,,11.4,6.86
8.11,1.816,0.34,283.9,21.7,,9.55,7.01
10.18,0.73,0.18,470.9,19.0,,14.5,7.14
8.72,0.461,0.09,426.8,18.0,,5.27,6.85
11.43,0.567,0.03,402.0,12.2,,3.89,7.09
,,,,,,,
9.7,,,,12.0,,,
8.65,,,,17.6,,,
8.99,,,,18.6,,,
8.75,,,,15.0,,,
11.0,,,,8.0,,,
7.91,,,,15.9,,,
8.57,,,,16.1,,,
7.45,,,,18.2,,,
9.34,,,,12.9,,,
12.18,,,,6.06,,,
10.62,,,,9.63,,,
9.12,,,,12.1,,,
,,,,,,,
9.29,,,,19.2,,,
7.56,,,,14.7,,,
7.95,,,,11.4,,,
,,,,12.5,,,
8.5,,,,15.9,,,
6.6,,,,20.3,,,
6.2,,,,18.4,,,
4.9,,,,13.7,,,
7.5,,,,12.3,,,
12.2,,,,15.9,,,
8.58,,,,19.0,,,
7.03,,,,20.0,,,
5.99,,,,17.5,,,
5.15,,,,12.0,,,
7.0,,,,13.7,,,
11.6,0.27,0.59,440.2,9.4,,,7.0
9.2,0.92,0.14,619.0,12.4,,,7.0
14.46,0.29,0.68,204.4,13.7,,,7.5
10.84,23.0,0.51,775.0,14.8,,,8.0
11.1,11.0,0.71,463.3,15.4,,,7.0
9.15,17.0,0.42,391.2,9.9,,,7.0
9.8,21.0,1.25,620.0,6.9,,,
10.3,20.3,0.43,791.0,8.9,,,7.85
7.84,19.0,0.19,758.0,15.4,,,7.79
6.04,40.0,0.51,759.0,16.1,,,7.76
9.58,,0.4,706.0,14.9,,,7.23
11.52,,0.28,706.0,15.0,,,7.34
12.53,13.0,0.08,460.0,10.5,,,6.86
8.6,20.3,0.1,523.0,6.7,,,6.92
8.15,12.0,0.76,401.5,14.3,,,6.9
7.14,22.0,0.11,652.0,14.1,,,7.34
9.0,16.1,0.12,578.0,12.9,,,7.18
,27.0,0.28,856.0,12.2,,,8.05
,17.0,0.02,499.0,12.5,,,7.88
9.06,19.0,0.19,738.0,10.5,,,8.61
10.75,17.0,0.37,5.91,15.8,,,7.66
7.32,15.33,0.18,937.0,16.1,,,7.77
7.96,28.67,0.12,69.5,16.1,,,7.74
9.01,23.67,0.14,72.2,14.6,,,7.76
8.2,0.5,0.15,1035.0,10.0,,,7.58
7.71,4.89,0.13,850.0,20.3,,,6.8
5.64,0.02,0.26,957.0,19.2,,,7.18
,0.66,0.51,690.0,16.4,,,8.08
,0.43,0.41,761.0,14.9,,,9.12
9.2,0.45,0.48,646.0,15.1,,,7.89
13.7,0.383,,639.0,7.8,,,7.21
10.15,0.449,0.22,99.1,12.2,,,7.69
9.76,0.251,0.2,886.0,12.0,,,7.66
9.76,0.233,,903.0,6.7,,,7.55
12.2,0.361,0.22,769.0,11.5,,,7.39
9.05,0.36,0.32,676.0,15.0,,,7.5
9.05,0.303,0.26,558.0,14.1,,,7.25
14.36,0.64,0.07,768.0,11.9,,,7.49
7.67,0.74,0.18,833.0,15.5,,,7.53
8.54,0.18,0.28,839.0,16.5,,,8.04
6.67,0.249,0.04,1120.0,15.6,,,7.9
7.39,,,879.0,11.2,,,7.74
9.98,0.36,0.07,928.0,9.2,,,8.41
8.98,0.435,0.25,88.9,14.6,5.0,,8.18
9.2,0.45,0.54,924.0,20.0,,1.49,6.79
9.24,0.72,0.16,895.0,15.2,,1.31,8.52
9.26,0.54,0.21,614.9,12.9,,5.91,7.96
11.25,0.63,0.06,986.0,12.0,,4.26,8.17
10.7,,0.22,894.0,12.6,,2.7,7.37
9.4,1.01,0.48,797.0,16.2,,5.16,7.43
9.6,0.85,0.34,822.0,16.0,,3.18,7.48
11.0,0.92,0.32,706.0,11.9,,2.68,7.47
10.2,0.925,0.21,655.0,13.1,,22.4,7.81
13.9,0.449,0.24,910.0,13.8,,7.31,8.44
10.0,2.029,0.21,873.0,15.3,,3.22,8.07
9.6,3.025,0.35,861.0,18.6,,1.87,8.07
10.3,2.375,0.4,795.0,17.2,,1.98,7.88
12.5,,0.07,772.0,10.6,,3.23,7.81
14.8,5.3,0.27,1587.0,4.1,,15.1,7.99
9.2,3.07,0.55,1098.0,14.9,,2.72,7.87
4.32,1.564,1.4,858.0,16.8,,3.48,7.44
5.8,,2.7,1006.0,17.5,,1.82,7.45
8.4,17.72,0.51,812.0,15.6,,4.46,7.85
14.1,1.635,0.58,535.0,9.4,,7.17,7.57
10.3,3.79,0.33,1033.0,11.3,,2.47,7.78
9.5,3.905,0.5,961.0,15.7,,1.17,7.78
9.3,1.466,0.25,847.0,17.8,,15.8,7.82
8.9,3.53,0.28,980.0,11.5,,10.39,7.76
10.81,4.335,0.25,949.0,10.4,,1.52,
,2.62,0.36,1330.0,7.4,,69.8,7.57
9.71,0.696,0.25,954.0,15.3,,12.1,7.2
10.04,4.3,0.31,1059.0,14.7,,3.41,7.32
8.61,4.47,0.15,1099.0,16.4,,1.68,6.9
9.61,,,,17.7,,,
9.67,,,,15.7,,,
8.8,,,,17.0,,,
11.9,,,,8.66,,,
11.57,,,,15.59,,,
9.08,,,,16.9,,,
9.96,,,,19.3,,,
10.98,,,,16.4,,,
9.98,,,,13.4,,,
10.2,,,,12.5,,,
12.2,,,,9.5,,,
9.7,,,,16.4,,,
9.3,,,,17.3,,,
10.1,,,,15.6,,,
11.7,,,,11.7,,,
11.2,,,,11.6,,,
9.6,,,,13.5,,,
9.0,,,,17.0,,,
8.4,,,,17.8,,,
6.3,,,,14.5,,,
12.9,,,,12.7,,,
12.2,,,,7.5,,,
12.29,2.57,0.16,367.6,11.1,,,7.0
10.29,1.11,0.1,286.6,13.1,,,7.0
10.27,0.89,0.06,350.4,17.4,,,7.5
10.28,20.3,,479.6,17.7,,,8.0
10.1,18.0,0.17,458.9,14.0,,,8.0
11.09,15.0,0.15,136.8,6.6,,,6.5
10.6,17.0,0.18,416.8,12.8,,,7.5
9.5,7.91,0.2,345.1,15.4,,,7.91
6.95,37.0,0.16,394.0,16.6,,,7.78
10.41,,0.1,497.3,13.7,,,7.38
10.41,,0.1,497.3,13.7,,,7.38
9.88,,0.1,345.3,12.6,,,7.45
13.01,13.0,0.05,317.0,7.3,,,7.1
8.9,13.0,,162.4,8.7,,,6.7
10.5,15.0,0.06,312.2,14.7,,,7.13
8.01,17.0,,273.5,14.9,,,7.24
11.02,15.0,0.02,347.4,13.3,,,7.1
,20.3,,461.0,8.4,,,7.82
,15.0,,326.0,9.8,,,8.02
10.47,14.0,,380.0,9.9,,,8.55
8.08,11.7,,254.0,15.7,,,7.55
8.18,12.33,,608.0,16.3,,,7.9
10.09,18.0,,76.3,14.8,,,7.9
9.56,25.0,0.07,81.7,11.9,,,7.93
10.8,0.25,0.05,345.0,11.8,,,7.74
14.07,4.62,0.08,419.0,17.2,,,6.76
,0.24,0.31,406.0,16.4,,,8.36
10.4,0.3,0.02,440.0,12.05,,,8.0
9.18,0.17,0.26,485.9,14.3,,,7.9
12.2,0.209,0.07,170.4,7.9,,,7.43
11.19,0.425,0.07,543.4,11.0,,,7.64
9.5,0.286,1.05,533.3,18.0,,,7.79
10.82,0.491,0.16,467.3,11.0,,,7.94
13.25,0.237,,504.1,4.9,,,7.3
11.13,0.317,0.03,514.0,9.3,,,7.08
,0.307,0.15,400.5,11.6,,,7.6
9.83,0.51,0.12,449.7,13.1,,,7.67
8.82,0.52,0.62,525.7,13.3,,,7.53
9.6,0.443,0.18,612.8,11.6,,,7.53
11.65,0.386,,335.4,10.7,,,6.94
9.77,0.382,0.03,357.7,15.2,,,7.49
9.68,0.605,0.14,681.0,15.4,,,
10.29,0.23,0.1,678.0,15.7,,,8.1
8.2,0.467,0.1,685.0,14.7,,,7.87
7.88,,,516.5,12.1,,,7.98
10.41,0.224,0.02,311.1,8.1,4.0,,8.06
9.04,0.337,,362.2,16.8,2.0,,7.92
11.96,0.28,0.28,691.0,18.9,,1.89,6.85
10.42,0.57,0.08,831.0,14.1,,0.98,8.37
10.85,0.58,0.26,587.6,10.6,,3.33,7.87
10.42,0.491,0.12,348.7,9.8,,2.48,7.9
10.8,0.79,0.03,456.5,14.0,,1.81,7.39
9.6,0.735,0.4,541.9,16.8,,19.3,7.46
9.4,0.725,0.33,623.0,15.4,,30.6,7.49
10.9,0.67,0.25,563.8,11.7,,3.34,7.56
10.7,0.665,0.19,579.6,12.0,,2.13,7.9
12.9,0.418,0.22,561.3,7.1,,160.0,8.44
13.2,0.565,0.06,613.9,13.3,,11.0,8.18
10.7,2.935,0.12,443.0,16.1,,1.23,8.12
9.8,3.13,0.27,644.0,17.4,,3.45,8.08
14.5,2.565,0.31,,15.4,,2.13,8.14
14.2,3.48,0.04,,8.8,,5.81,7.94
19.1,3.57,0.22,792.8,2.5,,7.18,7.9
17.2,2.166,0.08,275.9,0.0,,5.63,7.43
11.8,1.391,0.05,254.7,9.6,,8.29,8.06
6.3,2.26,0.26,728.0,13.0,,3.15,7.86
9.0,2.885,0.11,614.0,17.8,,3.05,8.09
10.5,2.113,2.0,401.0,17.5,,3.54,7.84
9.3,13.29,0.25,485.2,14.9,,38.7,7.88
10.0,1.258,0.05,421.2,10.4,,22.0,7.71
12.7,2.144,0.27,421.2,8.5,,3.93,7.31
11.3,2.725,0.14,538.3,11.7,,2.08,7.7
10.0,3.365,0.37,485.9,14.6,,2.4,7.7
8.8,1.621,0.28,502.5,19.2,,3.54,7.94
8.87,3.16,0.23,481.3,10.0,,5.48,7.57
11.92,2.74,0.22,567.0,8.6,,4.35,
,1.263,0.22,277.4,6.8,,15.5,6.95
11.26,0.452,0.11,44.1,11.8,,11.4,6.23
9.11,0.354,0.28,355.2,18.5,,10.7,7.15
11.65,2.02,0.25,457.1,13.9,,11.7,7.24
9.42,3.45,0.16,407.3,15.7,,3.82,6.98
10.71,1.914,0.25,569.0,12.6,,2.85,7.24
10.8,0.0,,80.8,10.8,,,6.81
7.38,0.168,0.06,177.9,13.6,,,7.27
7.53,0.452,0.14,237.3,18.1,,,7.56
6.19,0.162,0.11,217.9,20.4,,,7.54
9.23,0.179,0.14,172.6,12.2,,,7.71
9.23,0.126,0.1,178.6,5.5,,,7.06
10.76,0.176,0.13,136.7,10.1,,,6.66
8.86,0.086,0.11,153.6,14.3,,,7.63
9.21,0.103,0.07,187.2,15.7,,,7.3
8.16,0.007,0.14,262.4,16.7,,,7.42
7.96,0.14,0.1,266.5,13.2,,,7.01
6.15,0.124,,368.3,11.1,,,7.26
9.66,0.422,0.08,90.1,13.1,,,6.48
8.13,0.263,0.02,178.5,18.9,,,7.44
7.37,,0.07,279.0,18.3,,,
8.38,0.38,,470.9,17.6,,,7.81
6.9,0.277,0.1,319.2,16.3,,,7.38
7.25,,,325.1,11.8,,,7.38
9.08,0.224,0.02,160.3,11.5,,,8.31
7.78,0.15,,146.7,21.2,5.0,,8.1
9.48,0.2,0.15,741.0,23.3,,11.5,6.92
8.83,0.57,0.04,265.0,15.4,,5.79,8.26
11.17,0.39,0.26,437.3,9.7,,15.5,7.6
8.71,0.339,0.04,181.5,12.1,,14.1,7.68
8.8,0.134,0.17,110.2,18.1,,12.1,6.9
8.7,0.311,0.27,215.3,19.7,,8.31,7.2
8.4,0.304,0.17,463.6,16.3,,8.98,7.28
11.2,0.13,0.27,132.1,11.9,,12.1,7.2
10.3,0.156,0.23,107.9,13.3,,9.1,7.49
12.1,0.046,,137.9,7.8,,11.0,8.79
10.8,0.58,0.2,399.1,15.3,,0.16,8.16
7.6,0.696,0.08,614.0,19.7,,7.39,8.04
7.4,0.828,0.03,406.6,21.3,,10.4,8.0
10.6,1.373,0.21,452.6,13.0,,3.72,7.95
13.8,0.687,,474.2,6.7,,13.8,7.74
16.1,1.347,,221.2,1.0,,9.3,7.88
17.0,1.422,0.02,216.0,0.0,,8.74,7.9
9.9,0.434,0.14,128.0,11.4,,6.57,8.11
9.5,1.896,0.24,298.5,17.7,,3.51,7.79
7.3,3.655,,456.0,16.4,,6.18,7.66
7.8,1.799,1.25,114.8,22.1,,8.09,7.38
8.3,5.759,0.12,244.0,16.2,,17.7,7.77
9.7,0.186,0.12,103.0,11.0,,0.0,7.54
11.6,0.284,0.15,124.2,10.0,,9.47,7.63
8.6,0.434,0.1,332.3,11.9,,5.66,7.94
6.9,0.988,0.19,320.9,17.0,,5.7,7.71
6.2,0.731,0.15,379.2,20.2,,3.56,7.88
9.23,0.731,0.16,321.8,10.8,,12.6,7.76
11.12,0.288,0.15,147.6,10.2,,11.6,
,0.416,0.11,195.3,8.2,,12.7,7.62
10.02,0.27,0.07,110.6,12.8,,12.4,7.33
7.25,1.555,0.18,108.8,21.7,,12.2,7.22
10.4,0.51,0.37,307.3,17.5,,5.42,7.74
7.97,0.771,0.25,166.1,19.4,,7.54,7.51
9.81,0.505,0.03,177.9,13.4,,7.68,7.75
5.7,,,,24.9,,,
4.0,,,,21.9,,,
4.2,,,,16.8,,,
7.8,,,,11.9,,,
9.79,0.12,0.14,41.7,17.2,,,6.5
8.53,0.09,0.63,47.6,17.1,,,6.5
8.94,2.71,0.04,53.3,22.2,,,7.0
9.28,13.0,0.06,57.9,25.7,,,7.5
5.26,71.0,0.04,55.6,17.5,,,6.5
9.27,13.0,0.05,30.9,7.0,,,6.5
10.38,10.0,0.16,33.8,15.1,,,6.5
8.31,9.7,0.1,41.3,19.2,,,6.87
5.88,8.5,0.66,51.0,20.1,,,7.36
7.05,28.0,0.1,56.0,22.0,,,7.16
8.26,,0.08,62.9,22.0,,,6.95
9.93,,0.09,61.7,15.4,,,7.11
12.13,12.0,0.04,58.0,8.0,,,7.17
5.86,11.0,0.35,52.8,18.6,,,7.4
5.28,10.0,,59.4,21.6,,,7.35
5.9,11.0,,51.8,19.2,,,7.16
,13.0,0.02,52.0,16.3,,,7.8
,22.0,,61.7,11.0,,,7.1
8.62,8.8,,52.0,15.9,,,7.9
7.44,7.8,,58.0,20.8,,,7.52
6.08,5.97,0.12,74.0,25.1,,,7.74
5.54,8.4,,57.1,21.2,,,7.82
5.87,6.67,,68.0,17.0,,,7.61
6.98,2.32,0.04,45.0,16.1,,,7.0
7.91,1.43,0.03,64.0,25.6,,,7.0
5.44,0.0,,300.0,28.3,,,7.24
,0.16,0.1,59.0,20.3,,,8.05
6.7,0.04,0.13,62.0,13.8,,,7.52
6.09,0.135,0.04,552.0,21.9,,,7.43
5.87,,,61.1,16.6,,,7.65
5.76,0.101,,63.8,13.1,,,7.31
10.36,0.61,,31.6,12.1,,,7.01
7.8,0.161,0.14,40.5,21.1,,,7.23
7.05,0.535,,49.3,24.8,,,8.18
6.6,0.162,,56.8,24.5,,,7.78
5.64,0.134,0.12,55.9,19.6,,,8.04
7.36,0.226,0.06,61.6,10.1,,,7.5
7.43,0.074,0.61,60.8,11.0,,,7.37
6.52,0.043,,67.1,16.6,,,8.33
6.07,0.077,0.03,70.8,18.2,,,7.94
5.6,0.1,0.06,4.37,20.8,,,7.77
5.05,0.307,,83.7,19.7,,,7.7
6.47,0.191,0.03,85.2,11.9,,,7.63
5.2,0.309,0.06,60.3,18.3,,,7.78
6.2,0.99,0.16,63.9,23.0,,,
5.81,1.0,0.09,71.8,21.9,,,7.64
4.71,0.625,0.65,81.0,19.8,,,7.38
5.04,,,76.7,12.8,,,7.27
7.2,0.175,0.05,54.5,17.8,8.0,,7.9
6.71,0.144,,70.0,24.9,52.0,,7.68
6.45,0.48,0.03,79.0,26.3,15.0,24.4,7.56
5.0,0.31,0.27,79.2,21.7,,7.15,8.55
5.12,0.18,0.08,78.2,15.4,,8.96,7.27
8.36,0.85,,42.3,13.0,,5.3,7.27
8.4,0.113,0.06,59.9,20.1,,12.1,6.63
7.9,0.188,0.06,59.4,22.1,,7.88,7.18
4.4,0.208,0.08,66.9,21.4,,7.67,6.63
8.1,0.115,0.21,57.2,15.1,,10.0,6.7
8.32,0.125,0.18,56.4,14.9,,6.5,6.83
9.2,0.143,0.16,65.3,18.4,,6.28,7.97
6.9,0.47,,73.7,23.2,,21.3,8.26
5.5,1.183,0.07,78.3,24.7,,12.2,7.56
5.6,1.214,0.2,88.0,18.6,,11.3,7.61
7.9,0.576,0.03,84.7,11.6,,16.0,7.44
13.3,1.174,0.13,94.5,2.1,,5.06,7.27
9.1,2.835,0.05,147.4,2.6,,3.47,7.24
10.0,0.408,0.12,78.7,12.1,,7.51,7.64
7.0,1.644,0.25,77.4,22.9,,9.1,7.5
8.47,2.295,0.05,78.6,22.7,,16.3,7.5
7.9,2.57,0.13,83.3,23.7,,6.11,7.22
5.9,3.987,0.16,81.3,18.2,,19.2,7.05
5.5,0.168,0.02,82.4,13.6,,0.0,6.99
11.5,0.301,0.1,65.8,8.9,,8.04,7.41
6.8,0.159,0.13,72.1,19.6,,10.09,7.91
7.7,0.766,0.21,83.6,19.7,,10.09,7.26
6.3,0.186,0.26,91.0,27.9,,6.64,7.86
5.21,0.124,0.1,91.8,16.2,,9.22,7.57
9.09,0.137,0.12,83.6,13.7,,12.9,
,0.275,0.15,64.9,10.1,,5.73,7.2
9.53,0.319,0.02,76.9,12.6,,9.29,7.11
4.69,1.63,0.21,73.9,21.7,,11.4,6.76
5.08,0.62,0.12,81.6,23.1,,7.54,7.46
5.47,0.341,0.05,88.2,20.8,,9.2,7.35
8.52,0.766,0.02,83.2,16.7,,8.2,7.68
